Name,Age
L. Goretzka,26
J. Kimmich,26
M. Sabitzer,27
R. Lewandowski,32
C. Tolisso,26
17 P. Lahm,32
T. Müller,31
A. Davies,20
S. Gnabry,25
L. Sané,25
B. Sarr,29
17 Xabi Alonso,34
21 Douglas Costa,29
L. Hernández,25
B. Pavard,25
K. Coman,25
M. Cuisance,21
Marc Roca,24
E. Choupo-Moting,32
D. Upamecano,22
21 Javi Martínez,31
O. Richards,23
J. Musiala,18
N. Süle,25
T. Booth,20
T. Nianzou,19
21 M. Zaiser,21
O. Batista Meier,20
21 C. Scott,18
M. Neuer,35
21 B. Arrey-Mbi,17
J. Stanišić,21
21 T. Rhein,17
M. Tillman,19
21 A. Sieb,17
21 N. Feldhahn,33
21 J. Lawrence,17
08 O. Kahn,38
S. Ulreich,32
C. Früchtl,21
L. Suárez,34
A. Griezmann,30
Marcos Llorente,26
Koke,29
K. Trippier,30
R. De Paul,27
Renan Lodi,23
H. Herrera,31
T. Lemar,25
19 Filipe Luís,32
G. Kondogbia,28
A. Correa,26
18 Gabi,33
Y. Carrasco,27
João Félix,21
19 Juanfran,33
S. Vrsaljko,29
17 Tiago,35
Mario Hermoso,26
Matheus Cunha,22
21 Diego Costa,31
Felipe,32
J. Giménez,26
S. Savić,30
Javi Serrano,18
Alberto Moreno,19
Mini,22
Camus,24
I. Šaponjić,23
G. Simeone,18
21 Mario Soriano,18
A. Solano,23
E. Sutherland,21
J. Oblak,28
Fran González,22
B. Lecomte,30
Christian Gómez,21
K. De Bruyne,30
João Cancelo,27
I. Gündoğan,30
K. Walker,31
O. Zinchenko,24
Fernandinho,36
Bernardo Silva,26
R. Sterling,26
Rodri,25
Gabriel Jesus,24
P. Foden,21
11 P. Vieira,34
R. Mahrez,30
J. Grealish,25
B. Mendy,26
Ferran Torres,21
N. Aké,26
A. Laporte,27
J. Stones,27
Rúben Dias,24
J. Braaf,18
L. Bolton,21
C. Palmer,19
Ederson,27
20 A. Dionkou,17
Kayky,18
R. Lavia,17
J. McAtee,18
L. Delap,18
Iker Pozo,20
S. Edozie,18
L. Mbete,17
18 D. Faupala,20
20 C. Tanor,21
Z. Steffen,26
S. Carson,35
16 R. Wright,37
M. Acuña,29
L. Ocampos,26
T. Delaney,29
Jesús Navas,35
17 B. Trémoulinas,30
I. Rakitić,33
N. Gudelj,29
E. Lamela,29
Joan Jordán,26
A. Gómez,33
Fernando,33
G. Montiel,24
L. Augustinsson,27
19 G. Mercado,31
Munir,25
Óliver Torres,26
Suso,27
Diego Carlos,28
Rafa Mir,24
J. Koundé,22
I. Amadou,28
O. Idrissi,25
Y. En-Nesyri,24
Óscar,23
K. Rekik,26
J. Gnagnon,24
Pedro Ortiz,20
Pablo Pérez,19
Santisteban,20
Zarzana,19
Iván Romero,20
21 Eliseo Falcón,23
Carmona,19
M. Dmitrović,29
Y. Bounou,30
Javi Díaz,24
Alfonso Pastor,20
G. Wijnaldum,30
Sergio Ramos,35
L. Messi,34
19 Dani Alves,35
M. Verratti,28
A. Hakimi,22
Neymar Jr,29
A. Di María,33
L. Paredes,27
K. Mbappé,22
Ander Herrera,31
Juan Bernat,28
Rafinha,28
17 Maxwell,34
I. Gueye,31
J. Draxler,27
Marquinhos,27
L. Kurzawa,28
Danilo Pereira,29
Nuno Mendes,19
P. Kimpembe,25
J. Dina Ebimbe,20
18 T. Motta,34
M. Icardi,28
19 L. Diarra,33
C. Dagba,22
A. Diallo,25
G. Belaud,34
T. Kehrer,24
21 F. Martin,30
M. Name,26
M. Gakpa,26
F. Hanin,31
C. Mandouki,29
X. Simons,18
J. Lopez,29
C. Diakité,18
11 C. Makélelé,37
B. Fadiga,20
S. Arab,20
21 J. Pitroipa,34
T. Campanini,22
E. Michut,18
G. Laura,25
20 J. Ménez,32
Y. Demoncy,25
15 Z. Camara,35
J. Hadjam,18
I. Gharbi,17
A. Gory,24
N. Bitumazala,18
A. Bamba,21
L. Diabyfadiga,20
W. Caddy,24
S. Chergui,22
20 Felipe Saad,35
M. Bernauer,23
M. Guilavogui,23
O. Camara,18
21 A. Pembélé,19
21 P. Koffi,18
K. Navas,34
Y. N'Diaye,23
G. Donnarumma,22
H. Gambor,18
Sergio Rico,27
V. Demarconnay,38
21 A. Maisonnial,22
11 G. Coupet,37
A. Letellier,30
21 D. Franchi,17
21 O. Nkambadio,17
E. Can,27
R. Guerreiro,27
A. Witsel,32
M. Reus,32
E. Haaland,20
T. Hazard,28
J. Bellingham,18
T. Meunier,29
M. Dahoud,25
21 L. Piszczek,35
M. Hummels,32
M. Wolf,26
J. Brandt,25
D. Malen,22
N. Schulz,28
F. Passlack,23
15 S. Kehl,34
M. Akanji,25
G. Reyna,18
M. Schmelzer,33
Reinier,19
Mateu Morey,21
T. Raschl,21
K. Finnsson,21
M. Hober,25
R. Tachie,22
M. Pašalić,20
D. Zagadou,22
F. Pfanne,26
L. Maloney,21
S. Tigges,22
A. Knauff,19
K. Bafounta,19
I. Pherai,20
B. Taz,22
21 D. Wanner,21
M. Pongračić,23
C. Viet,22
N. Dams,31
H. Bah-Traoré,24
A. Papadopoulos,21
O. Pohlmann,20
G. Gürpüz,18
A. Thaqi,19
C. Makreckis,21
F. Krebs,22
M. Broschinski,20
S. Coulibaly,17
M. Amedick,19
T. Bornemann,20
Guille Bueno,18
T. Tattermusch,20
N. Collins,17
R. Bürki,30
M. Hitz,33
G. Kobel,23
L. Unbehaun,20
18 R. Weidenfeller,36
S. Drljača,22
J. Reckert,24
L. Klußmann,18
L. Modrić,35
D. Alaba,29
Casemiro,29
G. Bale,31
F. Valverde,22
Marcelo,33
T. Kroos,31
F. Mendy,26
Lucas Vázquez,30
Carvajal,29
K. Benzema,33
E. Camavinga,18
Isco,29
E. Hazard,30
Marco Asensio,25
Éder Militão,23
Dani Ceballos,24
Mariano,27
Rodrygo,20
20 Lucas Silva,26
Vinícius Jr.,20
L. Jović,23
Nacho Fernández,31
14 Pablo,21
S. Díaz,22
Vallejo,24
21 Bruno Iglesias,17
Miguel,19
Luis Carbonell,18
Marvin,21
Arribas,19
T. Nakai,17
21 Sergio Santos,19
Salazar,18
T. Courtois,29
11 J. Dudek,37
A. Lunin,22
21 Cañizares,18
Luis López,20
Merino,25
Portu,29
Zubeldia,24
Oyarzabal,24
David Silva,35
Illarramendi,31
Nacho Monreal,35
Diego Rico,28
Zubimendi,22
Ander Guevara,23
20 D. Zurutuza,32
A. Isak,21
A. Januzaj,26
18 Xabi Prieto,33
A. Sørloth,25
Aihen Muñoz,23
Gorosabel,24
Zaldúa,29
19 Agirretxe,30
Guridi,26
Carlos Fernández,25
Aritz Elustondo,27
Barrenetxea,19
Robert Navarro,19
21 Z. Thior,22
R. Le Normand,24
15 Iker Hernández,20
Pacheco,20
M. Ryan,29
Álex Remiro,26
21 Moyá,36
18 Toño Ramírez,30
N. Barella,24
A. Vidal,34
M. Brozović,28
A. Kolarov,35
I. Perišić,32
L. Martínez,23
H. Çalhanoğlu,27
17 Felipe Melo,33
A. Sánchez,32
S. Sensi,25
M. Vecino,29
D. D'Ambrosio,32
D. Dumfries,25
F. Dimarco,23
15 Jonathan,28
C. Eriksen,29
20 Gabriel Barbosa,22
J. Correa,26
E. Džeko,35
M. Darmian,31
R. Gagliardini,27
14 C. Chivu,32
14 J. Zanetti,39
S. de Vrij,29
M. Škriniar,26
A. Bastoni,22
19 A. Gnoukouri,20
12 I. Córdoba,34
21 S. Longo,28
21 A. Bakayoko,22
X. Emmers,20
F. Colidio,21
16 N. Vidić,33
M. Satriano,20
09 Figo,35
A. Ranocchia,33
S. Handanovič,36
I. Radu,24
19 R. Di Gennaro,24
21 T. Berni,37
A. Cordaz,38
Gabriel Brazão,20
J. Cuadrado,33
J. Cuadrado,33
19 C. Marchisio,31
19 C. Marchisio,31
W. McKennie,22
W. McKennie,22
Arthur,24
Arthur,24
Alex Sandro,30
Alex Sandro,30
A. Rabiot,26
A. Rabiot,26
P. Dybala,27
P. Dybala,27
Danilo,29
Danilo,29
M. Locatelli,23
M. Locatelli,23
R. Bentancur,24
R. Bentancur,24
F. Bernardeschi,27
F. Bernardeschi,27
D. Kulusevski,21
D. Kulusevski,21
A. Ramsey,30
A. Ramsey,30
F. Chiesa,23
F. Chiesa,23
M. de Ligt,21
M. de Ligt,21
L. Bonucci,34
L. Bonucci,34
14 M. Vučinić,29
14 M. Vučinić,29
Morata,28
Morata,28
M. De Sciglio,28
M. De Sciglio,28
M. Kean,21
M. Kean,21
G. Chiellini,36
G. Chiellini,36
L. Pellegrini,22
L. Pellegrini,22
N. Fagioli,20
N. Fagioli,20
19 A. Barzagli,37
19 A. Barzagli,37
I. Touré,22
I. Touré,22
H. Nicolussi Caviglia,20
H. Nicolussi Caviglia,20
D. Rugani,26
D. Rugani,26
Kaio Jorge,19
Kaio Jorge,19
L. Zanimacchia,21
L. Zanimacchia,21
10 F. Cannavaro,35
10 F. Cannavaro,35
W. Szczęsny,31
W. Szczęsny,31
M. Perin,28
M. Perin,28
C. Pinsoglio,31
C. Pinsoglio,31
L. Digne,27
Allan,30
Richarlison,24
J. Rodríguez,29
A. Doucouré,28
16 L. Osman,34
20 L. Baines,34
G. Sigurðsson,31
S. Coleman,32
F. Delph,31
J. Gbamin,25
André Gomes,27
A. Townsend,29
D. Calvert-Lewin,24
T. Davies,23
J. Kenny,24
C. Tosun,30
S. Rondón,31
M. Holgate,24
21 Bernard,27
B. Godfrey,23
M. Keane,28
20 C. Martina,29
A. Iwobi,25
D. Gray,25
Y. Mina,26
A. Gordon,20
E. Simms,20
K. John,20
21 B. Carroll,18
E. Iversen,20
I. Jagne,16
J. Pickford,27
R. Astley,19
J. Branthwaite,19
L. Dobbin,18
A. Begović,34
A. Lonergan,37
F. Kostić,28
D. Sow,24
M. Hinteregger,28
R. Borré,25
T. Chandler,31
S. Rode,30
20 J. de Guzmán,31
D. da Costa,27
D. Kamada,24
20 Gelson Fernandes,32
A. Hrustić,24
A. Barkok,23
A. Touré,25
K. Jakić,24
M. Hasebe,37
E. Durm,29
A. Younes,27
E. Ndicka,21
J. Hauge,21
21 D. Abraham,33
Gonçalo Paciência,26
S. Lammers,24
C. Lenz,26
J. Lindstrøm,21
Tuta,21
S. Ilsanker,32
R. Ache,22
Fabio Blanco,17
M. Pečar,18
20 M. Russ,33
G. Schäfer,18
10 S. Coulibaly,31
K. Trapp,30
J. Grahl,32
D. Ramaj,19
T. Alexander-Arnold,22
M. Salah,29
Thiago,30
J. Henderson,31
S. Mané,29
Roberto Firmino,29
Fabinho,27
A. Robertson,27
Diogo Jota,24
J. Milner,35
A. Oxlade-Chamberlain,27
V. van Dijk,29
N. Keïta,26
K. Tsimikas,25
T. Minamino,26
C. Jones,20
J. Matip,29
D. Origi,26
J. Gomez,24
20 D. Lovren,29
I. Konaté,22
H. Elliott,18
N. Williams,20
E. Dixon-Bonner,20
13 J. Carragher,34
N. Phillips,24
M. Boyes,20
J. Norris,18
Alisson,28
T. Clayton,20
B. Koumetio,18
Adrián,34
L. Karius,28
C. Kelleher,22
Marcelo Pitaluga,18
S. Milinković-Savić,26
21 M. Parolo,35
21 S. Lulić,34
J. Akpa Akpro,28
A. Marušić,28
C. Immobile,31
M. Lazzari,27
Lucas Leiva,34
20 D. Basta,34
G. Escalante,28
Luis Alberto,28
D. Cataldi,26
J. Lukaku,26
M. Zaccagni,26
Felipe Anderson,28
Jony,29
T. Bašić,24
R. Durmisi,27
15 Ederson,28
�. Radu,34
Pedro,33
F. Acerbi,33
E. Hysaj,27
Patric,28
21 D. Di Gennaro,32
21 M. Musacchio,29
21 J. Minala,23
16 M. Klose,37
P. Dziczek,23
Luiz Felipe,24
D. Anderson,25
19 Maurício,29
D. Vavro,25
V. Muriqi,27
C. Lombardi,25
B. Adekanye,22
André Anderson,21
N. Armini,19
Raúl Moro,18
Jorge Silva,22
Pepe Reina,38
21 S. Proto,37
T. Strakosha,26
08 M. Ballotta,43
21 Gabriel Pereira,17
Renato Sanches,23
B. André,30
J. Bamba,25
Y. Yazıcı,24
Z. Çelik,24
B. Yılmaz,35
J. Pied,32
Xeka,26
Reinildo,27
G. Gudmundsson,22
J. Ikoné,23
D. Bradarić,21
T. Weah,21
A. Gomes,20
J. David,21
Tiago Djaló,21
A. Onana,19
Show,21
José Fonte,37
S. Botman,21
20 F. Bahlouli,24
C. Niasse,21
21 M. Kapı,17
21 I. Bouleghcha,17
R. Ascone,17
08 P. Kluivert,30
I. Lihadji,19
21 A. Zekaj,20
E. Pizzuto,19
S. Agouzoul,23
K. Dabila,24
21 José Bica,17
19 Fernando Costanza,19
Capita,19
21 H. Ouro-Sama,22
19 V. Enyeama,34
Léo Jardim,26
O. Karnezis,35
I. Grbić,25
A. Jakubech,24
Canales,30
17 J. Vargas,31
N. Fekir,27
A. Guardado,34
Bartra,30
Álex Moreno,28
Camarasa,27
Cristian Tello,29
Montoya,30
Joaquín,39
Héctor Bellerín,26
Miranda,21
William Carvalho,29
Willian José,29
D. Lainez,21
Borja Iglesias,28
G. Rodríguez,26
21 Francis,24
Y. Sabaly,28
Sidnei,30
Juanmi,28
Víctor Ruiz,32
Aitor Ruibal,25
P. Akouokou,23
21 David Carmona,23
Rodri,21
Edgar,24
Rober,20
Y. Fekir,24
G. Pezzella,30
21 Fran Callejón,22
Marc Baró,20
Juan Cruz,21
José Lara,21
21 Baena,19
C. Bravo,38
Raúl García,20
Kike Hermoso,21
07 Romero,35
Rui Silva,27
Joel Robles,31
Saúl,26
N. Kanté,30
Jorginho,29
Marcos Alonso,30
M. Kovačić,27
M. Mount,22
R. James,21
H. Ziyech,28
Azpilicueta,31
R. Lukaku,28
B. Chilwell,24
K. Havertz,22
Thiago Silva,36
Kenedy,24
T. Werner,25
R. Barkley,27
L. Baker,26
C. Pulisic,22
R. Loftus-Cheek,25
A. Rüdiger,28
C. Hudson-Odoi,20
M. Sarr,22
T. Chalobah,21
A. Christensen,25
T. Uwakwe,21
C. Musonda,24
J. Russell,20
G. McEachran,20
J. Brooking,18
Kepa,26
S. McClelland,19
09 Fábio Paim,20
21 W. Caballero,38
E. Mendy,29
M. Bettinelli,29
L. Bergström,18
J. Veretout,28
L. Pellegrini,25
H. Mkhitaryan,32
16 Maicon,33
R. Karsdorp,26
L. Spinazzola,28
N. Zaniolo,21
B. Cristante,26
S. El Shaarawy,28
M. Viña,23
16 S. Keita,35
Gonzalo Villar,23
D. Santon,30
Borja Mayoral,24
A. Diawara,23
S. Nzonzi,32
17 F. Totti,39
Carles Pérez,23
C. Smalling,31
E. Shomurodov,26
T. Abraham,23
G. Mancini,25
E. Darboe,20
R. Calafiori,19
Ibañez,22
B. Reynolds,20
E. Bove,19
N. Zalewski,19
A. Riccardi,20
M. Kumbulla,21
21 M. Antonucci,21
F. Fazio,34
21 M. Bamba,18
F. Tripi,19
Rui Patrício,33
21 D. Bouah,18
21 A. Mirante,36
18 B. Lobonţ,39
Daniel Fuzato,23
P. Boer,19
Lucas Paquetá,23
H. Aouar,23
Thiago Mendes,29
Bruno Guimarães,23
X. Shaqiri,29
L. Dubois,26
Emerson,26
M. Caqueret,21
J. Reine-Adélaïde,23
17 G. Fofana,25
J. Boateng,32
T. Kadewere,25
I. Slimani,33
J. Denayer,26
K. Toko Ekambi,28
M. Dembélé,24
P. Diop,23
M. Gusto,18
S. Diomande,20
Henrique,27
Marcelo,34
R. Cherki,17
D. Da Silva,33
F. Da Silva,18
20 M. Yanga-Mbiwa,30
L. Pintor,20
T. Thomas,19
21 D. Benlamri,30
C. Lukeba,18
B. Barcola,18
20 R. Griffiths,19
A. Lopes,30
J. Pollersbeck,26
M. Barcola,22
F. Kessié,24
T. Hernández,23
A. Florenzi,30
I. Bennacer,23
A. Rebić,27
S. Tonali,21
12 G. Zambrotta,34
Z. Ibrahimović,39
R. Krunić,27
21 M. Mandžukić,34
19 R. Montolivo,33
A. Saelemaekers,22
D. Laxalt,27
19 I. Abate,31
D. Calabria,24
A. Conti,27
20 I. Strinić,31
Samu Castillejo,26
T. Bakayoko,26
S. Kjær,32
O. Giroud,34
F. Ballo-Touré,24
Rafael Leão,22
Brahim,21
16 P. Mexès,33
Junior Messias,30
F. Tomori,23
A. Romagnoli,26
16 Alex,33
P. Kalulu,21
08 Cafu,37
17 N. Oduamadi,25
D. Maldini,19
P. Pellegri,20
L. Borges,19
M. Gabbia,21
12 F. Inzaghi,37
21 G. Olzer,19
09 P. Maldini,40
M. Maignan,25
21 L. Colombo,18
18 J. Vergara,23
C. Tătărușanu,35
18 M. Storari,40
16 C. Abbiati,37
A. Plizzari,21
21 A. Donnarumma,29
R. Malinovskyi,28
R. Gosens,26
T. Koopmeiners,23
M. de Roon,30
R. Freuler,29
M. Pašalić,26
H. Hateboer,27
J. Iličić,33
D. Zappacosta,29
L. Muriel,30
M. Pessina,24
J. Mæhle,24
20 Arana,22
F. Mattiello,25
D. Zapata,30
Rafael Tolói,30
A. Miranchuk,25
G. Pezzella,23
15 L. Scaloni,36
16 G. Bellini,35
B. Djimsiti,28
M. Demiral,23
J. Palomino,31
M. Lovato,21
21 C. Capone,21
R. Piccoli,20
M. Tumminello,21
M. Sportiello,29
J. Musso,27
15 G. Frezzolini,38
21 M. Carnesecchi,20
F. Rossi,30
D. Wass,32
Carlos Soler,24
Gayà,26
U. Račić,23
D. Cheryshev,30
Gonçalo Guedes,24
Gabriel Paulista,30
12 Miguel,31
D. Foulquier,28
Manu Vallejo,24
Jason,26
M. Gómez,24
20 E. Garay,32
Toni Lato,23
Thierry Correia,22
O. Alderete,24
Y. Musah,18
Marcos André,24
C. Piccini,28
K. Koindredi,19
Hélder Costa,27
Hugo Guillamón,21
21 S. Emaná,26
Pablo Gozálbez,20
21 E. Mangala,29
Álex Blanco,22
Jesús Vázquez,18
M. Diakhaby,24
Esquerdo,21
Hugo Duro,21
Diego López,19
Guillem Molina,20
W. Suzuki,18
Jaume,30
J. Cillessen,32
G. Mamardashvili,20
Cristian Rivero,23
Y. Tielemans,24
Ricardo Pereira,27
J. Vardy,34
W. Ndidi,24
J. Maddison,24
Ayoze Pérez,27
21 C. Fuchs,34
M. Albrighton,31
B. Soumaré,22
R. Bertrand,31
H. Barnes,23
N. Mendy,29
T. Castagne,25
K. Iheanacho,24
J. Justin,23
D. Amartey,26
P. Daka,22
A. Lookman,23
C. Söyüncü,25
K. Dewsbury-Hall,22
H. Choudhury,23
L. Thomas,20
W. Fofana,20
J. Evans,33
J. Vestergaard,28
21 Sidnei Tavares,18
F. Benković,23
T. Suengchitthawon,21
J. Eppiah,22
A. Reghba,21
21 L. Ndukwu,21
V. Daley-Campbell,20
K. Schmeichel,34
21 W. Morgan,36
D. Ward,28
E. Jakupović,36
O. Bosworth,19
21 C. Odunze,17
12 M. Ballack,34
C. Aránguiz,32
K. Demirbay,27
R. Andrich,26
D. Sinkgraven,25
E. Palacios,22
15 S. Rolfes,32
21 L. Bender,31
N. Amiri,24
K. Bellarabi,31
F. Wirtz,18
E. Tapsoba,22
P. Schick,25
J. Frimpong,20
J. Baumgartlinger,33
T. Fosu-Mensah,23
M. Diaby,21
M. Bakker,21
21 S. Bender,31
Paulinho,20
L. Alario,28
18 S. Kießling,33
A. Adli,21
O. Kossounou,20
P. Hincapié,19
P. Retsos,22
J. Tah,25
S. Fofana,18
E. Gedikli,18
A. Lunev,29
L. Hrádecký,31
N. Lomb,27
Yuri Berchiche,31
Raúl García,34
Capa,29
Álex Berenguer,25
Muniain,28
21 Ibai Gómez,30
De Marcos,32
Iñaki Williams,27
Unai Vencedor,20
Dani García,31
Iñigo Martínez,30
Lekue,28
20 Aduriz,38
Balenziaga,33
Yeray,26
Zarraga,22
Jon Morcillo,22
Sancet,21
Vesga,28
18 Saborit,25
Villalibre,23
Nolaskoain,22
Álex Petxa,24
Beñat Prados,20
18 Kike Sola,31
K. Kodro,26
Vivian,21
Nico Williams,18
Sillero,23
Unai Núñez,24
17 Agirrezabala,20
Nico Serrano,18
Aitor Paredes,21
Unai Simón,24
Ezkieta,24
Agirrezabala,20
21 Ander Iru,21
19 D. Srna,36
21 K. Asamoah,31
N. Nández,25
João Pedro,29
R. Marin,25
K. Strootman,31
M. Rog,25
21 V. Birsa,33
A. Grassi,26
K. Baldé,26
M. Cáceres,34
G. Pereiro,26
Dalbert,27
C. Lykogiannis,27
D. Godín,35
20 F. Cacciatore,32
Diego Farías,31
C. Oliva,25
21 M. Tramoni,20
P. Faragò,28
R. Ladinetti,20
L. Pavoletti,32
20 Han Kwang Song,20
A. Deiola,25
21 F. Caligara,20
21 R. Klavan,34
A. Cerri,24
L. Tramoni,18
R. Bellanova,21
S. Pinna,22
S. Walukiewicz,21
G. Zappa,21
21 Zito Luvumbo,18
18 Castán,30
A. Carboni,20
A. Tripaldelli,21
L. Ceppitelli,31
D. Ceter,23
A. Cragno,27
S. Aresti,35
B. Radunović,25
Rúben Neves,24
João Moutinho,34
L. Dendoncker,26
R. Jiménez,30
Nélson Semedo,27
Jonny,27
Marçal,32
C. Coady,28
R. Saïss,31
Adama Traoré,25
Trincão,21
Hwang Hee Chan,25
Daniel Podence,25
Pedro Neto,21
W. Boly,30
R. Aït Nouri,20
M. Kilman,24
K. Hoever,19
Bruno Jordão,22
Fábio Silva,18
C. Campbell,18
L. Matheson,18
M. Shabani,22
J. Hodge,18
L. Cundle,19
21 O. Rasmussen,22
Hugo Bueno,18
L. Richards,19
Christian Marques,18
P. Estrada,19
21 David Wang,20
Y. Mosquera,20
C. Carty,19
José Sá,28
J. Ruddy,34
Parejo,32
Gerard Moreno,29
F. Coquelin,30
Rubén Peña,29
Pedraza,25
Manu Trigueros,29
Mario Gaspar,30
E. Capoue,32
Alberto Moreno,28
Paco Alcácer,27
Iborra,33
A. Mandi,29
Moi Gómez,27
18 A. Rukavina,33
20 Bruno,35
12 Nilmar,26
A. Danjuma,24
P. Estupiñán,23
J. Foyth,23
S. Chukwueze,22
B. Dia,24
Dani Raba,25
21 J. Harper,24
Raúl Albiol,35
Yeremy Pino,18
19 A. Afif,21
Migue,24
Pablo Iñiguez,27
R. Guerra,24
Lanchi,20
N. Iosifov,20
De La Fuente,22
19 D. Bonera,37
20 Carlos Blanco,23
19 Roger Riera,23
Sergio Asenjo,32
Martín,21
G. Rulli,29
20 M. Barbosa,34
F. Jörgensen,19
T. Partey,28
M. Ødegaard,22
K. Tierney,24
16 Mikel Arteta,33
P. Aubameyang,32
A. Lacazette,30
B. Saka,19
21 David Luiz,33
Cédric,29
N. Pépé,26
A. Maitland-Niles,23
S. Kolašinac,28
Willian,31
G. Xhaka,28
M. Elneny,28
A. Sambi Lokonga,21
C. Chambers,26
Gabriel Martinelli,20
Nuno Tavares,21
E. Smith Rowe,20
T. Tomiyasu,22
E. Nketiah,22
Gabriel,23
R. Holding,25
J. Olayinka,20
B. White,23
C. Patino,17
T. Akinola,20
C. Cîrjan,18
Pablo Marí,27
18 P. Mertesacker,32
21 B. Cottrell,18
J. Ideho,17
Joel López,19
Z. Monlouis,17
B. Leno,29
A. Ramsdale,23
19 P. Čech,36
21 D. Iliev,25
A. Okonkwo,19
21 K. Hein,18
L. Stindl,32
A. Plea,28
R. Bensebaini,26
D. Zakaria,24
F. Neuhaus,24
J. Hofmann,28
S. Lainer,28
B. Embolo,24
M. Thuram,23
20 F. Johnson,31
M. Ginter,27
20 Raffael,34
L. Bénes,23
P. Herrmann,30
H. Wolf,22
C. Kramer,30
21 I. Traoré,32
K. Koné,20
N. Elvedi,24
T. Jantschke,31
S. Christiansen,20
L. Netz,18
J. Beyer,21
16 M. Stranzl,35
M. Schroers,19
K. Kurt,19
K. Bennetts,22
J. Scally,18
J. Italiano,19
Famana Quizera,18
L. Skraback,18
C. Noß,20
21 J. Villalba,21
T. Müsel,21
M. Doucouré,23
J. Bongard,19
Y. Sommer,32
T. Sippel,33
21 M. Grün,33
J. Olschowsky,19
J. Ward-Prowse,26
R. Perraud,23
S. Armstrong,29
M. Elyounoussi,26
A. Armstrong,24
C. Adams,24
T. Walcott,32
M. Djenepo,23
S. Long,34
Y. Valery,22
I. Diallo,22
K. Walker-Peters,24
Oriol Romeu,29
N. Redmond,27
W. Smallbone,21
J. Stephens,27
S. McQueen,26
T. Livramento,18
M. Salisu,22
C. Watts,19
N. Tella,21
Lyanco,24
J. Bednarek,25
R. Finnigan,17
K. Chauke,18
T. Small,16
O. Olufunwa,19
D. Simeu,19
A. Tchaptchet,19
A. McCarthy,31
F. Forster,33
18 S. Taylor,36
H. Lewis,23
G. Bonaventura,31
L. Torreira,25
E. Pulgar,27
S. Amrabat,24
C. Biraghi,28
A. Duncan,28
G. Castrovilli,24
José Callejón,34
Odriozola,25
M. Benassi,26
L. Martínez Quarta,25
A. Kokorin,30
21 Borja Valero,35
Y. Maleh,22
N. González,23
R. Saponara,29
D. Vlahović,21
21 C. Théréau,37
M. Nastasić,28
20 Pedro,22
N. Milenković,23
R. Sottil,22
18 D. Astori,30
L. Venuti,26
Tòfol Montiel,21
A. Terzić,21
L. Munteanu,19
Igor,23
M. Meli,20
P. Pinto,21
B. Drągowski,23
P. Terracciano,31
A. Rosati,38
21 F. Brancolini,18
J. Kucka,34
O. Tufan,26
O. Etebo,25
M. Sissoko,31
D. Rose,30
Kiko Femenía,30
T. Cleverley,31
D. Gosling,31
K. Sema,27
J. King,29
J. Hernández,22
I. Louza,22
E. Dennis,23
I. Sarr,23
21 C. Sánchez,34
A. Masina,27
Marc Navarro,24
C. Kabasele,30
19 Y. Kaboul,32
21 J. Sinclair,23
João Pedro,19
S. Perica,24
A. Fletcher,25
J. Ngakia,20
C. Cathcart,32
19 M. Britos,32
K. Baah,18
W. Troost-Ekong,27
R. Cassidy,20
18 D. Lewis,20
F. Sierralta,24
20 K. Hinds,21
D. Touré,18
M. Pochettino,20
21 B. Spencer-Adams,19
21 S. Dalby,20
B. Foster,38
20 Gomes,38
D. Bachmann,26
R. Elliot,35
21 A. Parkes,20
T. Savanier,29
J. Sambia,24
F. Mollet,29
J. Ferri,29
A. Oyongo,30
A. Souquet,29
V. Germain,31
M. Ristić,25
21 Hilton,42
S. Mavididi,23
N. Cozza,22
E. Wahi,18
L. Leroy,21
M. Suárez,25
Pedro Mendes,30
19 J. Porsan-Clémenté,20
M. Sakho,31
S. Delaye,19
B. Makouana,18
N. Gioacchini,20
Matheus Thuler,22
T. Vargas,20
P. Škuletić,30
T. Tamas,20
21 Y. Ammour,21
Y. Guermouche,20
M. Estève,19
J. Omlin,27
D. Bertaud,23
Matis Carvalho,22
Gerson,24
V. Rongier,26
M. Guendouzi,22
J. Amavi,27
D. Payet,34
17 A. Diaby,30
A. Milik,27
B. Kamara,21
Pol Lirola,23
19 H. Bedimo,33
C. Ünder,23
P. Gueye,22
20 G. Sertic,29
A. Harit,24
Luis Henrique,19
Álvaro,31
21 M. Aké,19
19 T. Hubočan,32
W. Saliba,20
D. Ćaleta-Car,24
C. Souaré,18
L. Balerdi,22
Luan Peres,26
21 K. Mitroglou,32
A. Dieng,20
B. Nadir,17
K. de la Fuente,19
U. Bertelli,17
F. Tongya,19
J. Rahou,18
O. Targhalline,19
21 R. Richard,18
P. Sciortino,17
S. Ben Seghir,18
E. Gebreyesus,17
A. Kamardin,19
Pau López,26
S. Mandanda,36
21 Y. Pelé,37
S. Ngapandouetnbu,18
M. Nazaretian,20
D. Caligiuri,33
N. Dorsch,23
A. Hahn,30
R. Vargas,22
Iago,24
J. Gouweleeuw,29
F. Niederlechner,30
A. Maier,22
M. Gregoritsch,27
F. Jensen,23
C. Gruezo,26
M. Pedersen,24
A. Finnbogason,32
T. Strobl,31
R. Gumny,23
F. Uduokhai,23
R. Framberger,25
21 J. Schieber,31
N. Sarenren Bazee,24
A. Zeqiri,22
R. Oxford,22
S. Córdova,23
19 J. Callsen-Bracker,33
T. Civeja,19
F. Schwarzholz,21
L. Günther,19
F. Winther,20
D. Berisha,18
Cheon Seong Hoon,19
R. Gikiewicz,33
T. Koubek,28
D. Klein,20
B. Bourigeaud,27
G. Laborde,27
H. Traoré,29
21 C. Grenier,29
L. Majer,23
B. Santamaria,26
B. Meling,26
J. Martin,31
A. Truffert,19
M. Terrier,24
S. Guirassy,25
F. Tait,28
M. Niang,26
J. Doku,19
N. Aguerd,25
K. Sulemana,19
L. Ugochukwu,17
J. Gélin,24
L. Assignon,21
L. Badé,21
J. Kadile,18
M. Güçlü,22
W. Omari,21
A. Gomis,27
R. Salin,36
D. Alemdar,18
P. Bonet,18
O. Trejo,33
Unai López,25
19 Elustondo,31
R. Nteka,23
Isi,26
Merquelanz,26
Kévin Rodrigues,27
Bebé,30
Falcao,35
Pozo,25
I. Balliu,29
18 R. Raţ,36
17 Jordi Gómez,31
Santi Comesaña,24
Mario Suárez,34
Fran García,21
21 L. Ulloa,33
20 Tito,33
Álvaro García,28
Sergi Guardiola,30
Óscar Valentín,26
P. Ciss,27
Andrés Martín,21
Catena,26
Y. Qasmi,30
Arratia,21
Manu Navarro,20
N. Maraš,25
21 E. Velázquez,26
21 Moreno,18
Iker Recio,20
De Tomás,20
Mario Hernández,22
Sergio Moreno,22
E. Saveljich,30
I. Arboleda,25
S. Dimitrievski,27
L. Zidane,23
P. Zieliński,27
Fabián,25
G. Di Lorenzo,27
A. Zambo Anguissa,25
F. Ghoulam,30
L. Insigne,30
Mário Rui,30
H. Lozano,25
D. Mertens,34
M. Politano,27
D. Demme,29
K. Malcuit,29
S. Lobotka,26
V. Osimhen,22
E. Elmas,21
A. Ounas,24
L. Palmiero,25
Z. Machach,25
A. Petagna,26
F. Costa,25
A. Rrahmani,27
K. Koulibaly,30
Juan Jesus,30
K. Manolas,30
G. Gaetano,21
A. Meret,24
D. Ospina,32
M. Antonio,31
T. Souček,26
V. Coufal,28
A. Král,23
Pablo Fornals,25
A. Cresswell,31
N. Vlašić,23
A. Masuaku,27
M. Noble,34
D. Rice,22
J. Bowen,24
18 P. Evra,36
20 P. Zabaleta,34
A. Yarmolenko,31
15 Nenê,32
R. Fredericks,28
K. Zouma,26
S. Benrahma,25
M. Lanzini,28
17 Arbeloa,33
C. Dawson,31
A. Ogbonna,33
I. Diop,24
B. Johnson,21
21 F. Balbuena,28
H. Ashby,19
A. Okoflex,19
21 A. Diallo,17
P. Ekwah Elimby,19
Bernardo Rosa,20
O. Ashley,21
21 E. Longelo,19
Mésaque Djú,22
D. Chesters,19
A. Alese,20
A. Areola,28
J. Baptiste,17
L. Fabiański,36
D. Randolph,34
D. Martin,35
M. Arnautović,32
R. Soriano,30
L. De Silvestri,33
N. Domínguez,23
21 R. Palacio,38
N. Sansone,29
M. Svanberg,22
R. Orsolini,24
J. Schouten,24
G. Medel,33
K. Michael,21
I. Mbaye,26
A. Olsen,21
M. Barrow,22
21 O. Okwonkwo,22
21 C. Falletti,27
F. Santander,30
A. Hickey,19
M. Dijks,28
E. Vignato,20
S. van Hooijdonk,21
A. Soumaoro,29
D. Falcinelli,30
A. Theate,21
K. Bonifazi,25
21 V. Antov,19
L. Binks,19
M. Pagliuca,19
G. Cangiano,19
K. Urbański,16
G. Corbo,21
L. Skorupski,30
F. Bardi,29
A. Claude-Maurice,23
Y. Atal,25
M. Lemina,27
A. Delort,29
21 Danilo,24
H. Boudaoui,21
A. Gouiri,21
H. Kamara,27
K. Thuram,20
18 W. Sneijder,33
P. Rosario,24
M. Schneiderlin,31
K. Dolberg,23
J. Kluivert,22
J. Lotomba,22
M. Bard,20
C. Stengs,22
Dante,37
J. Todibo,21
Robson Bambu,23
I. Sacko,23
L. Da Cunha,20
F. Daniliuc,20
E. Guessand,20
A. Sotona,18
J. Smith,18
W. Benítez,28
21 Y. Cardinale,26
T. Boulhendi,20
M. Bułka,21
R. Skov,25
A. Kramarić,30
S. Rudy,31
18 E. Polański,31
P. Kadeřábek,29
M. Gaćinović,26
F. Grillitsch,25
J. Bruun Larsen,22
C. Baumgartner,21
K. Vogt,29
D. Raum,23
I. Bebou,27
D. Samassékou,25
M. Dabbur,29
H. Nordtveit,31
S. Adamyan,28
A. Stiller,20
16 K. Kurányi,33
D. Geiger,23
K. Akpoguma,26
J. Brenet,27
M. John,19
K. Adams Nuhu,26
E. Bičakčić,31
C. Richards,21
G. Rutter,19
B. Hübner,31
M. Bogarde,19
S. Posch,24
N. König,18
O. Baumann,31
P. Pentke,36
20 A. Stolz,35
N. Noll,18
L. Philipp,20
Cucurella,22
Y. Bissouma,24
E. Mwepu,23
P. Groß,30
A. Lallana,33
A. Mac Allister,22
S. March,26
J. Moder,22
N. Maupay,24
L. Trossard,26
D. Welbeck,30
J. Veltman,29
P. Tau,26
J. Locadia,27
T. Lamptey,20
18 L. Rosenior,32
S. Alzate,22
L. Dunk,29
T. Richards,20
13 Vicente,30
A. Webster,26
A. Connolly,21
D. Burn,29
H. Roberts,19
T. Băluță,22
S. Duffy,29
A. Moran,17
U. Eneme-Ella,20
J. Sarmiento,19
O. Offiah,18
A. Tsoungui,18
J. Furlong,19
Z. Emmerson,16
Robert Sanchéz,23
J. Steele,30
K. Scherpen,21
M. Faraoni,29
Miguel Veloso,35
A. Barák,26
21 E. Badu,29
M. Hongla,23
D. Lazović,30
A. Tameze,27
21 L. Vitale,32
21 K. Laribi,29
I. Ilić,20
D. Bessa,28
G. Simeone,25
K. Rüegg,22
A. Ragusa,31
21 A. Almici,27
N. Kalinić,33
G. Frabotta,22
K. Lasagna,28
S. Di Carmine,31
P. Dawidowicz,26
G. Caprari,27
21 S. Bocchetti,33
M. Cancellieri,18
F. Ceccherini,29
21 A. Danzi,21
21 G. Pazzini,35
N. Casale,23
K. Günter,26
B. Šutalo,21
Y. Çetin,24
G. Magnani,25
L. Tupta,22
16 L. Toni,38
P. Yeboah,18
15 F. Boni,19
L. Montipò,25
A. Berardi,30
I. Pandur,21
R. Rodríguez,28
C. Ansaldi,34
D. Baselli,29
D. Praet,27
R. Mandragora,24
T. Rincón,33
S. Lukić,24
S. Zaza,30
A. Belotti,27
O. Aina,24
S. Verdi,28
K. Linetty,26
M. Pjaca,26
T. Pobega,21
M. Vojvoda,26
Iago Falqué,30
21 N. Nkoulou,30
A. Sanabria,25
J. Brekalo,23
D. Zima,20
A. Izzo,29
16 Amauri,35
W. Singo,20
Bremer,24
S. Edera,24
K. Djidji,28
A. Buongiorno,22
08 A. Recoba,31
K. Horváth,19
18 N. Burdisso,36
M. Warming,21
I. Karamoko,20
B. Kone,21
T. Baeten,19
V. Millico,19
V. Milinković-Savić,24
21 S. Ujkani,31
E. Berisha,32
D. Suárez,33
N. Maksimović,26
J. Silva,27
J. Jankto,25
Vitolo,31
A. Nyom,33
19 M. Flamini,34
M. Arambarri,25
Timor,31
20 Markel Bergara,33
M. Olivera,23
Aleñá,23
E. Ünal,24
D. Djené,29
Sandro,25
Mata,32
Florentino,21
Chema Rodríguez,29
18 D. Díaz,36
J. Macías,21
E. Cabaco,26
Jorge Cuenca,21
Juan Iglesias,22
S. Mitrović,31
Algobia,22
Darío Poveda,24
John Patrick,17
Alex Rodríguez,19
M. Niang,19
A. Akurugu,19
David Soria,28
Rubén Yáñez,27
Diego Conde,22
21 Álex Dos Santos,21
J. García,18
Embarba,29
Sergi Darder,27
Aleix Vidal,31
Y. Herrera,23
20 Granero,31
Fran Mérida,31
K. Bare,23
De Tomás,26
Puado,23
Adrià Pedrosa,23
Manu Morlanes,22
Wu Lei,29
19 Sergio García,35
Melendo,23
David López,31
Dídac Vilà,32
Calero,25
Nico Melamed,20
L. Dimata,23
20 Iturraspe,30
Óscar Gil,23
Miguelón,25
Loren,27
L. Cabrera,30
Vadillo,26
Gori,19
Sergi Gómez,29
Jofre Carreras,20
Álvaro García,21
Nabil Touaizi,20
Svensson,19
O. El Hilali,17
Recasens,19
Oier,31
Diego López,39
Joan García,20
Fortuño,18
M. Cornet,24
A. Westwood,31
17 J. Barton,33
J. Brownhill,25
J. Guðmundsson,30
M. Lowton,32
D. McNeil,21
C. Taylor,27
J. Cork,32
A. Barnes,31
M. Vydra,29
D. Stephens,32
C. Wood,29
E. Pieters,32
J. Rodriguez,31
J. Tarkowski,28
A. Lennon,34
P. Bardsley,36
C. Roberts,25
B. Mee,31
A. Gomez Mancini,20
19 P. Crouch,37
A. Glennon,21
K. Long,30
21 W. Rickard,18
N. Collins,20
J. Bedeau,21
L. Richardson,18
19 T. Chakwana,19
M. Thompson,19
19 M. Blair,18
R. Harker,21
B. Thomas,20
N. Pope,29
17 P. Robinson,36
W. Hennessey,34
W. Norris,27
Raphinha,24
K. Phillips,25
Rodrigo,30
S. Dallas,30
M. Klich,31
Junior Firpo,24
21 Pablo Hernández,35
D. James,23
P. Bamford,27
J. Harrison,24
A. Forshaw,29
L. Ayling,29
T. Roberts,22
J. Shackleton,21
Diego Llorente,27
21 G. Berardi,31
21 O. Bouy,27
R. Koch,24
L. Bate,18
P. Struijk,21
L. Cooper,29
S. Greenwood,19
J. Gelhardt,19
C. Summerville,19
L. McCarron,20
S. McGurk,18
C. Drameh,19
J. Jenkins,19
L. Hjelde,17
A. Miller,18
C. Cresswell,18
I. Meslier,21
K. Klaesson,20
21 E. Caprile,18
D. van den Heuvel,18
R. Tapia,25
Iago Aspas,33
O. Yokuşlu,27
Denis Suárez,27
Santi Mina,25
A. Solari,29
Fran Beltrán,22
Javi Galán,26
Nolito,34
F. Cervi,27
Brais Méndez,24
Cedric Teguía,19
J. Murillo,29
Hugo Mallo,30
Kevin,28
Carbonell,23
21 F. Ferreyra,29
21 K. Soni,22
20 Dani Molina,23
J. Holsgrove,21
N. Araújo,29
Miguel Baeza,21
José Fontán,21
Iker Losada,19
Javi Gómez,22
Alfon,22
J. Aidoo,25
Carlos Beitia,21
Thiago Galhardo,31
Álex Martín,23
Javi Castro,20
Diego Pampín,20
Lautaro,20
Carlos Domínguez,20
19 Robert Costa,24
Rubén Blanco,25
21 Sergio,33
M. Dituro,34
Roberto Torres,32
E. Ávila,27
Rubén García,27
Cote,31
D. Brašanac,29
Iñigo Pérez,33
Oier,35
Moncayola,23
21 J. Calleri,26
21 F. Roncaglia,33
21 Adrián López,32
Rober Ibáñez,28
Kike García,31
Nacho Vidal,26
Ontiveros,23
Lucas Torró,26
Javi Martínez,21
21 Otegui,22
20 Lillo,30
Jaume Grau,24
18 Javi Flaño,32
Juan Cruz,28
David García,27
Kike Barja,24
Manu Sánchez,20
Aridane,32
Aimar Oroz,19
A. Budimir,29
Ramalho,28
Unai García,28
Areso,21
Diego Moreno,19
Iker Benito,18
Iván Bravo,20
Barbero,22
21 Rubén,36
Juan Pérez,24
21 Iván Martínez,18
Pablo Valencia,20
W. Cyprien,26
L. Blas,23
19 E. Sala,27
21 M. Abeid,27
S. Corchia,30
Fábio,30
Andrei Girotto,29
M. Simon,25
A. Limbombe,26
Pedro Chirivella,24
M. Coco,25
17 L. Cana,31
S. Moutoussamy,24
D. Appiah,29
O. Bukari,22
N. Pallois,33
R. Kolo Muani,22
R. Pereira de Sa,24
20 Y. El Ghanassy,28
J. Castelletto,26
C. Traoré,29
R. Emond,29
21 A. Dabo,19
J. Augustin,24
K. Coulibaly,29
Q. Merlin,19
W. Geubbels,19
G. Manvelyan,19
Santiago Eneme,20
M. Wagué,30
21 A. Walongwa,26
A. Sylla,21
Y. M'Bemba,20
A. Lafont,22
D. Petrić,33
L. Bonelli,18
R. Descamps,25
Luis Milla,26
Escudero,31
Rochina,30
D. Machís,28
S. Arias,29
Puertas,29
L. Suárez,23
Montoro,33
21 Álex Martínez,29
M. Gonalons,32
Víctor Díaz,33
Monchu,21
R. Azeez,28
Quini,31
Carlos Neva,25
Y. Eteki,23
C. Bacca,34
Alberto Soro,22
19 Baena,29
Jorge Molina,39
L. Abram,25
Pepe Sánchez,21
21 Aranda,19
Isma Ruiz,20
Domingos Duarte,26
Germán,34
21 Nuha,27
21 E. Abedini,21
N. Lozano,27
Echu,23
Sergio Barcia,20
Torrente,19
Aarón,25
Luís Maximiano,22
João Costa,25
Ángel Jiménez,19
J. Obi,30
L. Coulibaly,25
F. Ribéry,38
M. Coulibaly,22
20 A. Cerci,31
L. Capezzi,26
R. Gagliolo,31
F. Di Tacchio,31
20 E. Calaiò,37
M. Ruggeri,18
F. Veseli,28
P. Jaroszyński,26
S. Strandberg,30
R. Aya,30
Simy,29
F. Bonazzoli,24
20 T. Heurtaux,30
G. Kastanos,23
M. Đurić,31
W. Kechrida,25
L. Ranieri,22
E. Vergani,20
N. Gyömbér,28
L. Bogdan,25
C. Gondo,24
F. Delli Carri,22
V. Belec,31
V. Fiorillo,31
Fransérgio,30
Y. Adli,20
21 H. Ben Arfa,33
Hwang Ui Jo,28
Otávio,27
L. Benito,28
J. Briand,35
G. Mensah,22
R. Oudin,24
A. Elis,25
16 Jussiê,31
19 M. Gajić,22
M. Zerkane,21
S. Kalu,23
18 J. Toulalan,33
J. Onana,21
19 J. Plašil,36
L. Koscielny,35
I. Sissokho,19
21 M. Poundjé,27
T. Lacoux,19
T. Pembélé,18
P. Baysse,33
E. Kwateng,24
J. Dilrosun,23
J. Maja,22
Mexer,32
21 V. Jovanović,24
Ricardo Mangas,23
S. Gregersen,26
S. Mara,18
A. Traoré,19
D. Bakwa,18
M. Bokele,21
A. Medioub,23
21 David Cardoso,25
B. Costil,33
D. Rouyard,21
G. Poussin,22
T. Malbec,19
P. Capelle,34
A. Fulgini,24
T. Mangani,34
A. Bobichon,25
19 C. N'Doye,32
M. Pereira Lage,24
V. Manceau,31
A. Bamba,31
C. Ninga,28
S. Doumbia,24
21 T. Touré,26
S. Thioub,26
S. Boufal,27
21 L. Diony,27
S. Bahoken,29
J. Cabot,27
I. Traoré,34
A. Ounahi,21
Z. Ould Khaled,21
N. Fatar,19
B. Brahimi,21
E. Ebosse,22
W. Taïbi,19
B. Mendy,21
R. Thomas,33
F. El Melali,24
21 Y. Fortuné,21
M. Cho,17
21 P. Diaw,25
N. Nadje,17
K. Boma,18
21 K. Mouanga,19
P. Bernardoni,24
21 L. Butelle,37
A. Mandrea,24
A. Candreva,34
V. Verre,27
Adrien Silva,32
M. Thorsby,25
A. Ekdal,31
M. Damsgaard,20
17 A. Palombo,34
21 Dodô,28
21 G. Ramírez,29
B. Bereszyński,28
F. Quagliarella,38
Ronaldo Vieira,22
F. Caputo,33
M. Ihattaren,19
F. Depaoli,24
M. Gabbiadini,29
T. Augello,26
A. La Gumina,24
N. Murru,26
M. Léris,22
E. Torregrossa,29
M. Yoshida,32
17 A. Cassano,33
A. Ferrari,27
K. Askildsen,20
21 V. Regini,29
O. Colley,28
R. Drăgușin,19
R. Ciervo,20
Kaique Rocha,19
J. Chabot,23
E. Audero,24
N. Ravaglia,32
M. Ritchie,31
19 M. Diamé,31
J. Hendrick,29
F. Schär,29
M. Almirón,27
J. Shelvey,29
J. Willock,21
C. Wilson,29
17 C. Tioté,30
R. Fraser,27
J. Murphy,26
E. Krafth,26
21 H. Saivet,29
O. Boumal,31
I. Hayden,26
S. Longstaff,23
A. Saint-Maximin,24
Joelinton,24
J. Lewis,23
Manquillo,27
P. Dummett,29
D. Gayle,30
21 A. Carroll,31
C. Clark,31
A. Thurgate,21
B. Kantarovski,29
21 R. O'Donovan,34
S. Muñoz,18
21 M. Neill,25
J. Lascelles,27
M. Sangare,22
F. Fernández,32
21 J. White,17
J. Young,20
11 S. Campbell,35
E. Anderson,18
D. Ingham,22
V. Yuel,26
L. Mauragis,19
Daniel Penha,22
21 K. Scott,22
R. Savage,19
K. Petratos,23
B. Mikeltadze,23
19 N. Cowburn,23
M. Bondswell,19
C. Wiggett,18
S. Silvera,20
21 Y. Touré,19
B. Archbold,19
M. Dúbravka,32
21 N. Boogaard,33
K. Darlow,30
M. Gillespie,29
F. Woodman,24
D. Langley,20
N. James,20
A. Thomasson,27
D. Liénard,33
K. Gameiro,34
J. Bellegarde,23
F. Guilbert,26
J. Aholou,27
A. Caci,24
A. Djiku,26
S. Prcić,27
20 B. Corgnet,32
M. Waris,29
I. Sissoko,23
L. Ajorque,27
H. Diallo,26
M. Le Marchand,31
L. Mothiba,25
K. Fila,23
20 J. Grimm,32
M. Sahi,19
21 L. Koné,31
M. Siby,24
L. Perrin,22
G. Nyamsi,24
H. Diarra,17
M. Elimbi,18
M. Sels,29
E. Kawashima,38
B. Kamara,24
P. Lees-Melou,28
M. Normann,25
M. Rashica,25
K. McLean,29
L. Rupp,30
B. Williams,20
S. Byram,27
C. Tzolis,19
D. Giannoulis,25
B. Gilmour,20
J. Sørensen,23
21 J. Drmić,27
J. Sargent,21
T. Pukki,31
T. Cantwell,23
M. Aarons,21
K. Dowell,23
P. Płacheta,23
O. Kabak,21
B. Mumba,19
G. Hanley,29
B. Gibson,28
A. Idah,20
L. Gibbs,18
A. Omobamidele,19
T. Klose,32
C. Zimmermann,28
T. Dickson-Peters,18
F. Clarke,18
R. Bushiri,21
T. Krul,33
A. Gunn,25
21 A. Oxborough,22
M. McGovern,36
A. Mair,20
J. McCracken,21
R. Faivre,22
21 P. Lasne,31
J. Uronen,26
R. Del Castillo,25
J. Faussurier,34
F. Honorat,24
H. Belkebla,27
S. Mounié,26
R. Pierre-Gabriel,23
21 L. Baal,34
19 T. Ayasse,31
21 F. N'Goma,27
I. Cardona,23
C. Hérelle,28
H. Mbock,21
H. Magnetti,23
L. Agoumé,19
B. Chardonnet,26
20 D. Kiki,25
J. Duverne,23
16 M. Platje,26
J. Le Douaron,23
16 G. Lorenzi,31
Y. Badji,19
D. Bain,27
R. Saïd,21
G. Larsonneur,24
M. Bizot,30
07 P. Sarr,28
21 M. Hassen,25
S. Cibois,23
S. Fofana,26
J. Clauss,28
G. Kakuta,30
F. Sotoca,30
C. Doucouré,21
M. Haïdara,28
D. Machado,27
P. Frankowski,26
C. Jean,25
I. Ganago,22
19 A. Bencharki,23
Y. Cahuzac,36
F. Medina,22
J. Gradit,28
W. Saïd,26
A. Kalimuendo,19
J. Keita,22
I. Boura,20
C. Boli,22
K. Danso,22
20 M. Madri,29
C. Wooh,19
A. Oudjani,18
David Costa,20
21 Z. Diallo,33
18 M. Fofana,32
21 A. Louveau,20
W. Faríñez,23
J. Leca,35
V. Lesieur,18
Y. Pandor,20
V. Berisha,28
T. Foket,26
Moreto Cassamá,23
M. Cafaro,24
G. Konan,25
A. Zeneli,26
M. Doumbia,26
A. Matusiwa,23
M. Munetsi,25
D. Lopy,19
N. Mbuku,19
M. van Bergen,21
A. Donis,24
F. Doucouré,20
Y. Abdelhamid,33
I. Kebbal,22
A. Flips,21
E. Touré,19
A. Gravillon,23
W. Faes,23
S. Sissoko,22
F. Hornby,21
H. Ekitike,19
B. Locko,19
21 T. Nkada,20
N. Koffi,19
M. Mbow,21
N. Penneteau,40
Y. Diouf,21
P. Rajković,25
M. Lopez,23
D. Berardi,26
A. Harroui,23
K. Ayhan,26
Matheus Henrique,23
Pedro Obiang,29
D. Frattesi,21
J. Boga,24
H. Traorè,21
F. Đuričić,29
G. Defrel,30
F. Magnanelli,36
Rogério,23
L. Haraslín,25
C. Adjapong,22
V. Chiricheș,31
M. Müldür,22
J. Toljan,26
G. Raspadori,21
F. Ricci,26
G. Scamacca,22
G. Kyriakopoulos,25
F. Peluso,37
20 A. Matri,34
F. Romagna,24
G. Ferrari,29
E. Goldaniga,27
A. Consigli,34
G. Pegolo,40
S. Turati,18
L. Milivojević,30
J. Schlupp,28
J. McArthur,33
J. Ayew,29
W. Zaha,28
W. Hughes,26
O. Edouard,23
C. Kouyaté,31
N. Clyne,30
E. Eze,23
J. Riedewald,24
C. Gallagher,21
M. Olise,19
19 B. Sako,30
J. Ward,31
C. Benteke,30
J. Andersen,25
J. Mateta,24
T. Mitchell,21
M. Kelly,31
21 D. Boateng,19
M. Guéhi,20
J. Jach,27
N. Ferguson,20
J. Montes,22
S. Banks,19
J. Rak-Sakyi,18
J. Tomkins,32
21 L. Dreher,21
N. Kirby,21
21 B. Aveiro,18
16 B. Hangeland,34
R. Street,19
R. Hannam,20
Guaita,34
J. Butland,28
R. Matthews,27
18 Diego Cavalieri,34
19 D. Henry,20
Álex Fernández,28
21 A. Fernández,34
Iza Carcelén,28
A. Espino,29
F. Andone,28
José Mari,33
Negredo,35
J. Jønsson,28
Iván Alejo,26
Salvi Sánchez,30
Akapo,28
Fali,27
Alberto Perea,30
Juan Cala,31
Rubén Sobrino,29
T. Alarcón,22
A. Lozano,28
Álvaro Jiménez,26
F. Malbašić,27
M. Osmajić,21
S. Arzamendia,23
Martín Calderón,22
21 Jurado,34
21 L. Quezada,24
Garrido,31
Marcos Mauro,30
21 D. Jovanović,21
18 Moha,22
Chapela,22
17 Dani Güiza,35
21 Javi Navarro,23
D. Gudelj,23
Bastida,17
V. Haroyan,28
L. Spatz,19
18 K. Sankaré,32
S. Erimuya,22
Víctor Chust,21
10 Tristán,33
J. Ledesma,28
David Gil,27
J. Flere,23
Dani Rodríguez,33
Jaume Costa,33
15 Albert Riera,32
R. Battaglia,29
Salva Sevilla,37
A. Ndiaye,24
Aleix Febas,25
Antonio Sánchez,24
Ruiz de Galarreta,27
Pablo Maffeo,23
Kangin Lee,20
Brian Oliván,27
Ángel,34
T. Kubo,20
L. Júnior,30
Abdón Prats,28
I. Baba,25
M. Valjent,25
20 Marc Pedraza,32
Fer Niño,20
Jordi Mboula,22
Raillo,29
Joan Sastre,24
A. Sedlar,29
Llabrés,19
F. Russo,26
V. De Baunbag,20
I. Diabate,21
Pep Gayà,21
21 Buenacasa,24
Pablo Gálvez,19
Manolo Reina,36
Pere Joan,19
Leo Román,21
D. Greif,24
E. Skhiri,26
J. Hector,31
O. Duda,26
M. Uth,29
S. Özcan,23
D. Ljubicic,23
F. Kainz,28
19 M. Lehmann,35
K. Ehizibue,26
L. Schaub,26
J. Thielmann,19
A. Modeste,33
B. Schmitz,26
K. Schindler,27
N. Hauptmann,25
R. Czichos,31
J. Horn,24
S. Andersson,29
T. Hübers,24
N. Katterbach,20
Jorge Meré,24
T. Ostrák,21
21 F. Sørensen,28
M. Sponsel,19
L. Kilian,21
J. Castrop,17
T. Lemperle,19
M. Obuz,19
João Queirós,22
S. Čestić,20
M. Schwäbe,26
T. Horn,28
20 T. Kessler,33
M. Köbbing,24
J. Urbig,17
21 G. Castro,33
W. Endo,28
O. Mangala,23
D. Didavi,31
Silas,22
B. Sosa,23
C. Führich,23
P. Förster,26
P. Klement,28
P. Stenzel,25
E. Thommy,26
S. Kalajdžić,23
N. Nartey,21
M. Kempf,26
W. Anton,24
O. Marmoush,22
E. Millot,18
T. Coulibaly,20
20 M. Gómez,33
R. Massimo,20
N. Ahamada,19
M. Klimowicz,20
C. Mola,20
H. Ito,22
O. Beyaz,17
K. Mavropanos,23
A. Karazor,24
H. Al Ghaddioui,30
J. Meyer,19
W. Faghir,17
L. Egloff,18
M. Cissé,18
A. Kuol,19
F. Müller,23
F. Bredlow,26
M. Kruse,33
C. Trimmel,34
K. Möhwald,27
L. Öztunalı,25
B. Oczipka,32
G. Prömel,26
A. Voglsammer,29
N. Gießelmann,29
G. Haraguchi,30
P. Wszołek,29
T. Puchacz,22
19 F. Schönheim,31
S. Becker,26
T. Awoniyi,23
K. Endo,23
C. Teuchert,24
R. Khedira,27
M. Friedrich,25
A. Ujah,30
K. Behrens,30
S. Abdullahi,24
F. Schneider,18
R. Knoche,29
P. Jaeckel,22
R. van Drongelen,22
T. Baumgartl,25
L. Dehl,19
M. Bruns,17
A. Luthe,34
F. Rønnow,28
J. Busk,27
J. Dudziak,25
J. Willems,27
P. Seguin,26
19 R. Hilbert,33
H. Nielsen,27
N. Viergever,31
20 M. Caligiuri,35
A. Fein,22
J. Green,26
16 Z. Lam,24
M. Christiansen,24
B. Hrgota,28
N. Seufert,24
S. Griesbeck,30
L. Itter,22
C. Itten,24
19 L. Ayçiçek,24
M. Meyerhöfer,25
J. Leweling,20
G. Jung,26
J. Ngankam,20
H. Sarpei,22
T. Tillman,22
20 S. Parker,26
J. Hoogma,23
E. Berggreen,28
D. Abiama,22
R. Kehr,21
S. Asta,20
M. Bauer,21
M. Torlak,18
A. Barry,21
E. Kratzer,21
S. Burchert,31
M. Funk,25
L. Schaffran,22
V. Kovalenko,25
J. Sala,29
K. Amian,23
21 M. Ricci,26
D. Verde,25
A. Reca,26
S. Bastoni,24
G. Maggiore,23
M. Bourabia,29
K. Agudelo,22
L. Vignali,24
M. Nzola,24
19 P. Granoche,33
E. Salcedo,19
Léo Sena,25
18 A. Gilardino,34
R. Manaj,24
Salva Ferrer,23
A. Sher,18
21 G. Mastinu,28
E. Gyasi,27
J. Antiste,18
21 A. Galabinov,31
D. Strelec,20
E. Colley,21
M. Erlić,23
D. Nikolaou,22
E. Capradossi,24
P. Hristov,22
J. Zoet,30
I. Provedel,27
20 D. Bassi,34
21 Rafael,38
T. Krapikas,21
P. Zovko,19
19 M. Pasqual,36
S. Żurkowski,23
L. Štulac,26
F. Bandinelli,26
N. Haas,25
19 M. Brighi,37
F. Di Francesco,27
P. Stojanović,25
21 L. Antonelli,33
N. Bajrami,22
L. Henderson,25
S. Moreo,27
R. Fiamozzi,28
L. Mancuso,29
S. Ricci,19
20 A. Picchi,21
S. Luperto,24
P. Cutrone,23
G. Crociata,23
F. Parisi,20
19 L. Mchedlidze,28
K. Asllani,19
A. Ismajli,24
A. Pinamonti,22
L. Tonelli,31
R. Marchizza,23
R. Pirrello,25
S. Romagnoli,31
K. Cannavò,20
20 A. Jakupović,21
M. Viti,19
21 D. Maietta,37
G. Vicario,24
R. Haps,28
20 L. Lollo,28
L. Fiordilino,24
J. Dezi,29
G. Busio,19
M. Aramu,26
20 F. Zuculini,28
P. Mazzocchi,25
S. Kiyine,23
D. Heymans,22
C. Molinaro,37
T. Henry,26
G. Felicioli,22
A. Sigurðsson,22
D. Schnegg,22
A. Vacca,31
T. Ebuehi,25
F. Forte,28
D. Peretz,26
D. Johnsen,23
D. Črnigoj,25
D. Okereke,23
R. Bocalon,32
T. Tessmann,19
M. Modolo,32
G. Zigoni,30
19 M. Domizzi,38
M. Caldara,27
E. Ampadu,20
P. Ceccaroni,25
M. Svoboda,22
D. Pecile,19
B. Bjarkason,21
J. de Vries,19
L. Lezzerini,26
N. Mäenpää,36
S. Widmer,28
D. Brosinski,32
J. St. Juste,24
J. Boëtius,27
D. Kohr,27
K. Onisiwo,29
L. Barreiro Martins,21
Lee Jae Sung,28
Aarón,24
18 N. de Jong,32
K. Stöger,27
M. Ingvartsen,25
J. Burkardt,20
A. Lucoqui,23
M. Niakhaté,25
A. Stach,22
S. Fürstner,33
A. Szalai,33
M. Papela,20
A. Hack,27
T. Rupil,18
N. Tauer,20
P. Nebel,18
S. Bell,29
K. Mizuta,21
B. Bobzien,18
D. Nemeth,20
R. Zentner,26
F. Dahmen,23
19 R. Adler,33
M. Liesegang,21
O. Hanin,23
L. Rieß,19
F. Onyeka,23
I. Toney,25
M. Jensen,25
J. Dasilva,22
C. Nørgaard,27
B. Mbeumo,21
Sergi Canós,24
V. Janelt,23
S. Ghoddos,27
R. Henry,23
Y. Wissa,24
K. Ajer,23
S. Baptiste,23
M. Bidstrup,20
T. Fosu,25
J. Valencia,26
E. Pinnock,28
M. Peart-Harris,18
M. Roerslev,22
M. Forss,22
P. Jansson,30
Zanka,31
J. Jeanvier,28
D. Thompson,20
M. Sørensen,22
F. Stevens,18
C. Goode,25
J. Žambůrek,20
L. Gordon,20
M. Haygarth,19
16 R. Calvet,21
L. Racic,22
David Raya,25
Álvaro,23
J. Berthomier,31
J. Gastien,33
V. Nsimba,27
S. Khaoui,26
17 E. Réale,23
A. Zedadka,26
J. Iglesias,32
E. Rashani,28
J. Dossou,29
J. Allevinah,26
Y. Magnin,24
M. Bayo,23
A. Mendy,26
P. Hamel,27
Oriol Busquets,22
17 B. Martin,31
J. Tell,24
N. Jaby,20
B. Baiye,19
S. Abdul Samed,21
J. Phojo,28
F. Ogier,32
C. Hountondji,27
A. Seidu,21
J. Albert,29
A. Desmas,27
L. Margueron,20
R. Tesche,34
Danilo,29
K. Stafylidis,27
C. Gamboa,31
E. Löwen,24
21 R. Žulj,28
E. Rexhbeçaj,23
A. Losilla,35
S. Zoller,30
H. Bockhorn,26
Y. Chibsah,28
G. Holtmann,26
D. Blum,30
T. Asano,26
20 S. Celozzi,30
21 T. Eisfeld,27
M. Leitsch,23
M. Pantović,24
S. Polter,30
T. Weilandt,29
C. Antwi-Adjei,27
V. Lampropoulos,31
S. Ganvoula,25
T. Bonga,24
P. Osterhage,21
S. Decarli,29
A. Bella Kotchap,19
S. Novothny,27
L. Hartwig,18
M. Riemann,32
E. Mašović,22
M. Esser,33
T. Ernst,18
F. Centonze,25
20 R. Cohade,34
T. Delaine,29
D. Bronn,26
N. De Préville,30
H. Maïga,25
V. Pajot,30
A. Bassi,23
O. Nguette,26
21 V. Angban,23
S. Alakouch,22
15 F. Malouda,34
K. N'Doram,25
F. Boulaya,28
M. Udol,25
W. Tchimbembé,23
16 E. Mayuka,24
18 M. Biševac,33
L. Gueye,23
P. Yade,21
I. Niane,22
B. Kouyaté,24
B. Traoré,19
21 E. Boahene,20
M. Cabit,28
C. Sabaly,22
S. Niakaté,21
21 M. Robin,20
21 A. Traoré,25
L. Joseph,20
W. Mikelbrencis,17
L. Lacroix,18
A. Oukidja,32
M. Caillard,27
O. Ba,19
18 A. Mvuemba,32
T. Monconduit,30
F. Lemoine,34
L. Abergel,28
V. Le Goff,31
Igor Silva,24
Q. Boisgard,24
21 S. Marveaux,34
A. Laurienté,22
21 J. Delaplace,34
E. Le Fée,21
13 L. Giuly,35
J. Morel,37
21 Y. Etienne,23
A. Grbic,24
S. Diarra,22
H. Mendes,23
T. Moffi,22
21 M. Saunier,30
R. Bourlès,18
J. Laporte,27
T. Fontaine,30
20 T. Renaud,18
M. Jenz,22
L. Mouyokolo,20
S. Loric,20
P. Nardi,27
T. Bartouche-Selbonne,24
S. Vasiliadis,23
E. Fernandes,25
C. Brunner,27
L. Czyborra,22
M. Prietl,29
F. Klos,33
A. Andrade,22
M. Okugawa,25
J. Laursen,26
21 J. Edmundsson,28
P. Wimmer,20
R. Hack,22
F. Krüger,22
20 N. Quaschner,25
A. Pieper,23
J. Serra,23
F. Kunze,23
N. De Medina,23
J. Nilsson,27
B. Lasme,22
J. Frommann,18
V. Cherny,18
Guilherme Ramos,23
S. Ortega,28
S. Kapino,27
21 O. Linnér,23
P. Kammerbauer,24
Y. Engelhardt,20
J. Tauriainen,20
V. Vermeij,26
R. Assibey-Mensah,21
E. Kehrer,19
G. Furrer,20
D. Ontužāns,21
R. Wagner,17
J. Engel,20
L. Kehl,19
K. Schmidt,19
M. Dietz,19
J. Makengo,19
S. Ilic,18
M. Rosenfelder,18
N. Sauter,18
