id,title
0,L. Goretzka
1,J. Kimmich
2,M. Sabitzer
3,R. Lewandowski
4,C. Tolisso
5,17 P. Lahm
6,T. Müller
7,A. Davies
8,S. Gnabry
9,L. Sané
10,B. Sarr
11,17 Xabi Alonso
12,21 Douglas Costa
13,L. Hernández
14,B. Pavard
15,K. Coman
16,M. Cuisance
17,Marc Roca
18,E. Choupo-Moting
19,D. Upamecano
20,21 Javi Martínez
21,O. Richards
22,J. Musiala
23,N. Süle
24,T. Booth
25,T. Nianzou
26,21 M. Zaiser
27,O. Batista Meier
28,21 C. Scott
29,M. Neuer
30,21 B. Arrey-Mbi
31,J. Stanišić
32,21 T. Rhein
33,M. Tillman
34,21 A. Sieb
35,21 N. Feldhahn
36,21 J. Lawrence
37,08 O. Kahn
38,S. Ulreich
39,C. Früchtl
40,L. Suárez
41,A. Griezmann
42,Marcos Llorente
43,Koke
44,K. Trippier
45,R. De Paul
46,Renan Lodi
47,H. Herrera
48,T. Lemar
49,19 Filipe Luís
50,G. Kondogbia
51,A. Correa
52,18 Gabi
53,Y. Carrasco
54,João Félix
55,19 Juanfran
56,S. Vrsaljko
57,17 Tiago
58,Mario Hermoso
59,Matheus Cunha
60,21 Diego Costa
61,Felipe
62,J. Giménez
63,S. Savić
64,Javi Serrano
65,Alberto Moreno
66,Mini
67,Camus
68,I. Šaponjić
69,G. Simeone
70,21 Mario Soriano
71,A. Solano
72,E. Sutherland
73,J. Oblak
74,Fran González
75,B. Lecomte
76,Christian Gómez
77,K. De Bruyne
78,João Cancelo
79,I. Gündoğan
80,K. Walker
81,O. Zinchenko
82,Fernandinho
83,Bernardo Silva
84,R. Sterling
85,Rodri
86,Gabriel Jesus
87,P. Foden
88,11 P. Vieira
89,R. Mahrez
90,J. Grealish
91,B. Mendy
92,Ferran Torres
93,N. Aké
94,A. Laporte
95,J. Stones
96,Rúben Dias
97,J. Braaf
98,L. Bolton
99,C. Palmer
100,Ederson
101,20 A. Dionkou
102,Kayky
103,R. Lavia
104,J. McAtee
105,L. Delap
106,Iker Pozo
107,S. Edozie
108,L. Mbete
109,18 D. Faupala
110,20 C. Tanor
111,Z. Steffen
112,S. Carson
113,16 R. Wright
114,M. Acuña
115,L. Ocampos
116,T. Delaney
117,Jesús Navas
118,17 B. Trémoulinas
119,I. Rakitić
120,N. Gudelj
121,E. Lamela
122,Joan Jordán
123,A. Gómez
124,Fernando
125,G. Montiel
126,L. Augustinsson
127,19 G. Mercado
128,Munir
129,Óliver Torres
130,Suso
131,Diego Carlos
132,Rafa Mir
133,J. Koundé
134,I. Amadou
135,O. Idrissi
136,Y. En-Nesyri
137,Óscar
138,K. Rekik
139,J. Gnagnon
140,Pedro Ortiz
141,Pablo Pérez
142,Santisteban
143,Zarzana
144,Iván Romero
145,21 Eliseo Falcón
146,Carmona
147,M. Dmitrović
148,Y. Bounou
149,Javi Díaz
150,Alfonso Pastor
151,G. Wijnaldum
152,Sergio Ramos
153,L. Messi
154,19 Dani Alves
155,M. Verratti
156,A. Hakimi
157,Neymar Jr
158,A. Di María
159,L. Paredes
160,K. Mbappé
161,Ander Herrera
162,Juan Bernat
163,Rafinha
164,17 Maxwell
165,I. Gueye
166,J. Draxler
167,Marquinhos
168,L. Kurzawa
169,Danilo Pereira
170,Nuno Mendes
171,P. Kimpembe
172,J. Dina Ebimbe
173,18 T. Motta
174,M. Icardi
175,19 L. Diarra
176,C. Dagba
177,A. Diallo
178,G. Belaud
179,T. Kehrer
180,21 F. Martin
181,M. Name
182,M. Gakpa
183,F. Hanin
184,C. Mandouki
185,X. Simons
186,J. Lopez
187,C. Diakité
188,11 C. Makélelé
189,B. Fadiga
190,S. Arab
191,21 J. Pitroipa
192,T. Campanini
193,E. Michut
194,G. Laura
195,20 J. Ménez
196,Y. Demoncy
197,15 Z. Camara
198,J. Hadjam
199,I. Gharbi
200,A. Gory
201,N. Bitumazala
202,A. Bamba
203,L. Diabyfadiga
204,W. Caddy
205,S. Chergui
206,20 Felipe Saad
207,M. Bernauer
208,M. Guilavogui
209,O. Camara
210,21 A. Pembélé
211,21 P. Koffi
212,K. Navas
213,Y. N'Diaye
214,G. Donnarumma
215,H. Gambor
216,Sergio Rico
217,V. Demarconnay
218,21 A. Maisonnial
219,11 G. Coupet
220,A. Letellier
221,21 D. Franchi
222,21 O. Nkambadio
223,E. Can
224,R. Guerreiro
225,A. Witsel
226,M. Reus
227,E. Haaland
228,T. Hazard
229,J. Bellingham
230,T. Meunier
231,M. Dahoud
232,21 L. Piszczek
233,M. Hummels
234,M. Wolf
235,J. Brandt
236,D. Malen
237,N. Schulz
238,F. Passlack
239,15 S. Kehl
240,M. Akanji
241,G. Reyna
242,M. Schmelzer
243,Reinier
244,Mateu Morey
245,T. Raschl
246,K. Finnsson
247,M. Hober
248,R. Tachie
249,M. Pašalić
250,D. Zagadou
251,F. Pfanne
252,L. Maloney
253,S. Tigges
254,A. Knauff
255,K. Bafounta
256,I. Pherai
257,B. Taz
258,21 D. Wanner
259,M. Pongračić
260,C. Viet
261,N. Dams
262,H. Bah-Traoré
263,A. Papadopoulos
264,O. Pohlmann
265,G. Gürpüz
266,A. Thaqi
267,C. Makreckis
268,F. Krebs
269,M. Broschinski
270,S. Coulibaly
271,M. Amedick
272,T. Bornemann
273,Guille Bueno
274,T. Tattermusch
275,N. Collins
276,R. Bürki
277,M. Hitz
278,G. Kobel
279,L. Unbehaun
280,18 R. Weidenfeller
281,S. Drljača
282,J. Reckert
283,L. Klußmann
284,L. Modrić
285,D. Alaba
286,Casemiro
287,G. Bale
288,F. Valverde
289,Marcelo
290,T. Kroos
291,F. Mendy
292,Lucas Vázquez
293,Carvajal
294,K. Benzema
295,E. Camavinga
296,Isco
297,E. Hazard
298,Marco Asensio
299,Éder Militão
300,Dani Ceballos
301,Mariano
302,Rodrygo
303,20 Lucas Silva
304,Vinícius Jr.
305,L. Jović
306,Nacho Fernández
307,14 Pablo
308,S. Díaz
309,Vallejo
310,21 Bruno Iglesias
311,Miguel
312,Luis Carbonell
313,Marvin
314,Arribas
315,T. Nakai
316,21 Sergio Santos
317,Salazar
318,T. Courtois
319,11 J. Dudek
320,A. Lunin
321,21 Cañizares
322,Luis López
323,Merino
324,Portu
325,Zubeldia
326,Oyarzabal
327,David Silva
328,Illarramendi
329,Nacho Monreal
330,Diego Rico
331,Zubimendi
332,Ander Guevara
333,20 D. Zurutuza
334,A. Isak
335,A. Januzaj
336,18 Xabi Prieto
337,A. Sørloth
338,Aihen Muñoz
339,Gorosabel
340,Zaldúa
341,19 Agirretxe
342,Guridi
343,Carlos Fernández
344,Aritz Elustondo
345,Barrenetxea
346,Robert Navarro
347,21 Z. Thior
348,R. Le Normand
349,15 Iker Hernández
350,Pacheco
351,M. Ryan
352,Álex Remiro
353,21 Moyá
354,18 Toño Ramírez
355,N. Barella
356,A. Vidal
357,M. Brozović
358,A. Kolarov
359,I. Perišić
360,L. Martínez
361,H. Çalhanoğlu
362,17 Felipe Melo
363,A. Sánchez
364,S. Sensi
365,M. Vecino
366,D. D'Ambrosio
367,D. Dumfries
368,F. Dimarco
369,15 Jonathan
370,C. Eriksen
371,20 Gabriel Barbosa
372,J. Correa
373,E. Džeko
374,M. Darmian
375,R. Gagliardini
376,14 C. Chivu
377,14 J. Zanetti
378,S. de Vrij
379,M. Škriniar
380,A. Bastoni
381,19 A. Gnoukouri
382,12 I. Córdoba
383,21 S. Longo
384,21 A. Bakayoko
385,X. Emmers
386,F. Colidio
387,16 N. Vidić
388,M. Satriano
389,09 Figo
390,A. Ranocchia
391,S. Handanovič
392,I. Radu
393,19 R. Di Gennaro
394,21 T. Berni
395,A. Cordaz
396,Gabriel Brazão
397,J. Cuadrado
398,19 C. Marchisio
399,W. McKennie
400,Arthur
401,Alex Sandro
402,A. Rabiot
403,P. Dybala
404,Danilo
405,M. Locatelli
406,R. Bentancur
407,F. Bernardeschi
408,D. Kulusevski
409,A. Ramsey
410,F. Chiesa
411,M. de Ligt
412,L. Bonucci
413,14 M. Vučinić
414,Morata
415,M. De Sciglio
416,M. Kean
417,G. Chiellini
418,L. Pellegrini
419,N. Fagioli
420,19 A. Barzagli
421,I. Touré
422,H. Nicolussi Caviglia
423,D. Rugani
424,Kaio Jorge
425,L. Zanimacchia
426,10 F. Cannavaro
427,W. Szczęsny
428,M. Perin
429,C. Pinsoglio
430,L. Digne
431,Allan
432,Richarlison
433,J. Rodríguez
434,A. Doucouré
435,16 L. Osman
436,20 L. Baines
437,G. Sigurðsson
438,S. Coleman
439,F. Delph
440,J. Gbamin
441,André Gomes
442,A. Townsend
443,D. Calvert-Lewin
444,T. Davies
445,J. Kenny
446,C. Tosun
447,S. Rondón
448,M. Holgate
449,21 Bernard
450,B. Godfrey
451,M. Keane
452,20 C. Martina
453,A. Iwobi
454,D. Gray
455,Y. Mina
456,A. Gordon
457,E. Simms
458,K. John
459,21 B. Carroll
460,E. Iversen
461,I. Jagne
462,J. Pickford
463,R. Astley
464,J. Branthwaite
465,L. Dobbin
466,A. Begović
467,A. Lonergan
468,F. Kostić
469,D. Sow
470,M. Hinteregger
471,R. Borré
472,T. Chandler
473,S. Rode
474,20 J. de Guzmán
475,D. da Costa
476,D. Kamada
477,20 Gelson Fernandes
478,A. Hrustić
479,A. Barkok
480,A. Touré
481,K. Jakić
482,M. Hasebe
483,E. Durm
484,A. Younes
485,E. Ndicka
486,J. Hauge
487,21 D. Abraham
488,Gonçalo Paciência
489,S. Lammers
490,C. Lenz
491,J. Lindstrøm
492,Tuta
493,S. Ilsanker
494,R. Ache
495,Fabio Blanco
496,M. Pečar
497,20 M. Russ
498,G. Schäfer
499,10 S. Coulibaly
500,K. Trapp
501,J. Grahl
502,D. Ramaj
503,T. Alexander-Arnold
504,M. Salah
505,Thiago
506,J. Henderson
507,S. Mané
508,Roberto Firmino
509,Fabinho
510,A. Robertson
511,Diogo Jota
512,J. Milner
513,A. Oxlade-Chamberlain
514,V. van Dijk
515,N. Keïta
516,K. Tsimikas
517,T. Minamino
518,C. Jones
519,J. Matip
520,D. Origi
521,J. Gomez
522,20 D. Lovren
523,I. Konaté
524,H. Elliott
525,N. Williams
526,E. Dixon-Bonner
527,13 J. Carragher
528,N. Phillips
529,M. Boyes
530,J. Norris
531,Alisson
532,T. Clayton
533,B. Koumetio
534,Adrián
535,L. Karius
536,C. Kelleher
537,Marcelo Pitaluga
538,S. Milinković-Savić
539,21 M. Parolo
540,21 S. Lulić
541,J. Akpa Akpro
542,A. Marušić
543,C. Immobile
544,M. Lazzari
545,Lucas Leiva
546,20 D. Basta
547,G. Escalante
548,Luis Alberto
549,D. Cataldi
550,J. Lukaku
551,M. Zaccagni
552,Felipe Anderson
553,Jony
554,T. Bašić
555,R. Durmisi
556,15 Ederson
557,�. Radu
558,Pedro
559,F. Acerbi
560,E. Hysaj
561,Patric
562,21 D. Di Gennaro
563,21 M. Musacchio
564,21 J. Minala
565,16 M. Klose
566,P. Dziczek
567,Luiz Felipe
568,D. Anderson
569,19 Maurício
570,D. Vavro
571,V. Muriqi
572,C. Lombardi
573,B. Adekanye
574,André Anderson
575,N. Armini
576,Raúl Moro
577,Jorge Silva
578,Pepe Reina
579,21 S. Proto
580,T. Strakosha
581,08 M. Ballotta
582,21 Gabriel Pereira
583,Renato Sanches
584,B. André
585,J. Bamba
586,Y. Yazıcı
587,Z. Çelik
588,B. Yılmaz
589,J. Pied
590,Xeka
591,Reinildo
592,G. Gudmundsson
593,J. Ikoné
594,D. Bradarić
595,T. Weah
596,A. Gomes
597,J. David
598,Tiago Djaló
599,A. Onana
600,Show
601,José Fonte
602,S. Botman
603,20 F. Bahlouli
604,C. Niasse
605,21 M. Kapı
606,21 I. Bouleghcha
607,R. Ascone
608,08 P. Kluivert
609,I. Lihadji
610,21 A. Zekaj
611,E. Pizzuto
612,S. Agouzoul
613,K. Dabila
614,21 José Bica
615,19 Fernando Costanza
616,Capita
617,21 H. Ouro-Sama
618,19 V. Enyeama
619,Léo Jardim
620,O. Karnezis
621,I. Grbić
622,A. Jakubech
623,Canales
624,17 J. Vargas
625,N. Fekir
626,A. Guardado
627,Bartra
628,Álex Moreno
629,Camarasa
630,Cristian Tello
631,Montoya
632,Joaquín
633,Héctor Bellerín
634,Miranda
635,William Carvalho
636,Willian José
637,D. Lainez
638,Borja Iglesias
639,G. Rodríguez
640,21 Francis
641,Y. Sabaly
642,Sidnei
643,Juanmi
644,Víctor Ruiz
645,Aitor Ruibal
646,P. Akouokou
647,21 David Carmona
648,Edgar
649,Rober
650,Y. Fekir
651,G. Pezzella
652,21 Fran Callejón
653,Marc Baró
654,Juan Cruz
655,José Lara
656,21 Baena
657,C. Bravo
658,Raúl García
659,Kike Hermoso
660,07 Romero
661,Rui Silva
662,Joel Robles
663,Saúl
664,N. Kanté
665,Jorginho
666,Marcos Alonso
667,M. Kovačić
668,M. Mount
669,R. James
670,H. Ziyech
671,Azpilicueta
672,R. Lukaku
673,B. Chilwell
674,K. Havertz
675,Thiago Silva
676,Kenedy
677,T. Werner
678,R. Barkley
679,L. Baker
680,C. Pulisic
681,R. Loftus-Cheek
682,A. Rüdiger
683,C. Hudson-Odoi
684,M. Sarr
685,T. Chalobah
686,A. Christensen
687,T. Uwakwe
688,C. Musonda
689,J. Russell
690,G. McEachran
691,J. Brooking
692,Kepa
693,S. McClelland
694,09 Fábio Paim
695,21 W. Caballero
696,E. Mendy
697,M. Bettinelli
698,L. Bergström
699,J. Veretout
700,H. Mkhitaryan
701,16 Maicon
702,R. Karsdorp
703,L. Spinazzola
704,N. Zaniolo
705,B. Cristante
706,S. El Shaarawy
707,M. Viña
708,16 S. Keita
709,Gonzalo Villar
710,D. Santon
711,Borja Mayoral
712,A. Diawara
713,S. Nzonzi
714,17 F. Totti
715,Carles Pérez
716,C. Smalling
717,E. Shomurodov
718,T. Abraham
719,G. Mancini
720,E. Darboe
721,R. Calafiori
722,Ibañez
723,B. Reynolds
724,E. Bove
725,N. Zalewski
726,A. Riccardi
727,M. Kumbulla
728,21 M. Antonucci
729,F. Fazio
730,21 M. Bamba
731,F. Tripi
732,Rui Patrício
733,21 D. Bouah
734,21 A. Mirante
735,18 B. Lobonţ
736,Daniel Fuzato
737,P. Boer
738,Lucas Paquetá
739,H. Aouar
740,Thiago Mendes
741,Bruno Guimarães
742,X. Shaqiri
743,L. Dubois
744,Emerson
745,M. Caqueret
746,J. Reine-Adélaïde
747,17 G. Fofana
748,J. Boateng
749,T. Kadewere
750,I. Slimani
751,J. Denayer
752,K. Toko Ekambi
753,M. Dembélé
754,P. Diop
755,M. Gusto
756,S. Diomande
757,Henrique
758,R. Cherki
759,D. Da Silva
760,F. Da Silva
761,20 M. Yanga-Mbiwa
762,L. Pintor
763,T. Thomas
764,21 D. Benlamri
765,C. Lukeba
766,B. Barcola
767,20 R. Griffiths
768,A. Lopes
769,J. Pollersbeck
770,M. Barcola
771,F. Kessié
772,T. Hernández
773,A. Florenzi
774,I. Bennacer
775,A. Rebić
776,S. Tonali
777,12 G. Zambrotta
778,Z. Ibrahimović
779,R. Krunić
780,21 M. Mandžukić
781,19 R. Montolivo
782,A. Saelemaekers
783,D. Laxalt
784,19 I. Abate
785,D. Calabria
786,A. Conti
787,20 I. Strinić
788,Samu Castillejo
789,T. Bakayoko
790,S. Kjær
791,O. Giroud
792,F. Ballo-Touré
793,Rafael Leão
794,Brahim
795,16 P. Mexès
796,Junior Messias
797,F. Tomori
798,A. Romagnoli
799,16 Alex
800,P. Kalulu
801,08 Cafu
802,17 N. Oduamadi
803,D. Maldini
804,P. Pellegri
805,L. Borges
806,M. Gabbia
807,12 F. Inzaghi
808,21 G. Olzer
809,09 P. Maldini
810,M. Maignan
811,21 L. Colombo
812,18 J. Vergara
813,C. Tătărușanu
814,18 M. Storari
815,16 C. Abbiati
816,A. Plizzari
817,21 A. Donnarumma
818,R. Malinovskyi
819,R. Gosens
820,T. Koopmeiners
821,M. de Roon
822,R. Freuler
823,H. Hateboer
824,J. Iličić
825,D. Zappacosta
826,L. Muriel
827,M. Pessina
828,J. Mæhle
829,20 Arana
830,F. Mattiello
831,D. Zapata
832,Rafael Tolói
833,A. Miranchuk
834,15 L. Scaloni
835,16 G. Bellini
836,B. Djimsiti
837,M. Demiral
838,J. Palomino
839,M. Lovato
840,21 C. Capone
841,R. Piccoli
842,M. Tumminello
843,M. Sportiello
844,J. Musso
845,15 G. Frezzolini
846,21 M. Carnesecchi
847,F. Rossi
848,D. Wass
849,Carlos Soler
850,Gayà
851,U. Račić
852,D. Cheryshev
853,Gonçalo Guedes
854,Gabriel Paulista
855,12 Miguel
856,D. Foulquier
857,Manu Vallejo
858,Jason
859,M. Gómez
860,20 E. Garay
861,Toni Lato
862,Thierry Correia
863,O. Alderete
864,Y. Musah
865,Marcos André
866,C. Piccini
867,K. Koindredi
868,Hélder Costa
869,Hugo Guillamón
870,21 S. Emaná
871,Pablo Gozálbez
872,21 E. Mangala
873,Álex Blanco
874,Jesús Vázquez
875,M. Diakhaby
876,Esquerdo
877,Hugo Duro
878,Diego López
879,Guillem Molina
880,W. Suzuki
881,Jaume
882,J. Cillessen
883,G. Mamardashvili
884,Cristian Rivero
885,Y. Tielemans
886,Ricardo Pereira
887,J. Vardy
888,W. Ndidi
889,J. Maddison
890,Ayoze Pérez
891,21 C. Fuchs
892,M. Albrighton
893,B. Soumaré
894,R. Bertrand
895,H. Barnes
896,N. Mendy
897,T. Castagne
898,K. Iheanacho
899,J. Justin
900,D. Amartey
901,P. Daka
902,A. Lookman
903,C. Söyüncü
904,K. Dewsbury-Hall
905,H. Choudhury
906,L. Thomas
907,W. Fofana
908,J. Evans
909,J. Vestergaard
910,21 Sidnei Tavares
911,F. Benković
912,T. Suengchitthawon
913,J. Eppiah
914,A. Reghba
915,21 L. Ndukwu
916,V. Daley-Campbell
917,K. Schmeichel
918,21 W. Morgan
919,D. Ward
920,E. Jakupović
921,O. Bosworth
922,21 C. Odunze
923,12 M. Ballack
924,C. Aránguiz
925,K. Demirbay
926,R. Andrich
927,D. Sinkgraven
928,E. Palacios
929,15 S. Rolfes
930,21 L. Bender
931,N. Amiri
932,K. Bellarabi
933,F. Wirtz
934,E. Tapsoba
935,P. Schick
936,J. Frimpong
937,J. Baumgartlinger
938,T. Fosu-Mensah
939,M. Diaby
940,M. Bakker
941,21 S. Bender
942,Paulinho
943,L. Alario
944,18 S. Kießling
945,A. Adli
946,O. Kossounou
947,P. Hincapié
948,P. Retsos
949,J. Tah
950,S. Fofana
951,E. Gedikli
952,A. Lunev
953,L. Hrádecký
954,N. Lomb
955,Yuri Berchiche
956,Capa
957,Álex Berenguer
958,Muniain
959,21 Ibai Gómez
960,De Marcos
961,Iñaki Williams
962,Unai Vencedor
963,Dani García
964,Iñigo Martínez
965,Lekue
966,20 Aduriz
967,Balenziaga
968,Yeray
969,Zarraga
970,Jon Morcillo
971,Sancet
972,Vesga
973,18 Saborit
974,Villalibre
975,Nolaskoain
976,Álex Petxa
977,Beñat Prados
978,18 Kike Sola
979,K. Kodro
980,Vivian
981,Nico Williams
982,Sillero
983,Unai Núñez
984,17 Agirrezabala
985,Nico Serrano
986,Aitor Paredes
987,Unai Simón
988,Ezkieta
989,Agirrezabala
990,21 Ander Iru
991,19 D. Srna
992,21 K. Asamoah
993,N. Nández
994,João Pedro
995,R. Marin
996,K. Strootman
997,M. Rog
998,21 V. Birsa
999,A. Grassi
1000,K. Baldé
1001,M. Cáceres
1002,G. Pereiro
1003,Dalbert
1004,C. Lykogiannis
1005,D. Godín
1006,20 F. Cacciatore
1007,Diego Farías
1008,C. Oliva
1009,21 M. Tramoni
1010,P. Faragò
1011,R. Ladinetti
1012,L. Pavoletti
1013,20 Han Kwang Song
1014,A. Deiola
1015,21 F. Caligara
1016,21 R. Klavan
1017,A. Cerri
1018,L. Tramoni
1019,R. Bellanova
1020,S. Pinna
1021,S. Walukiewicz
1022,G. Zappa
1023,21 Zito Luvumbo
1024,18 Castán
1025,A. Carboni
1026,A. Tripaldelli
1027,L. Ceppitelli
1028,D. Ceter
1029,A. Cragno
1030,S. Aresti
1031,B. Radunović
1032,Rúben Neves
1033,João Moutinho
1034,L. Dendoncker
1035,R. Jiménez
1036,Nélson Semedo
1037,Jonny
1038,Marçal
1039,C. Coady
1040,R. Saïss
1041,Adama Traoré
1042,Trincão
1043,Hwang Hee Chan
1044,Daniel Podence
1045,Pedro Neto
1046,W. Boly
1047,R. Aït Nouri
1048,M. Kilman
1049,K. Hoever
1050,Bruno Jordão
1051,Fábio Silva
1052,C. Campbell
1053,L. Matheson
1054,M. Shabani
1055,J. Hodge
1056,L. Cundle
1057,21 O. Rasmussen
1058,Hugo Bueno
1059,L. Richards
1060,Christian Marques
1061,P. Estrada
1062,21 David Wang
1063,Y. Mosquera
1064,C. Carty
1065,José Sá
1066,J. Ruddy
1067,Parejo
1068,Gerard Moreno
1069,F. Coquelin
1070,Rubén Peña
1071,Pedraza
1072,Manu Trigueros
1073,Mario Gaspar
1074,E. Capoue
1075,Paco Alcácer
1076,Iborra
1077,A. Mandi
1078,Moi Gómez
1079,18 A. Rukavina
1080,20 Bruno
1081,12 Nilmar
1082,A. Danjuma
1083,P. Estupiñán
1084,J. Foyth
1085,S. Chukwueze
1086,B. Dia
1087,Dani Raba
1088,21 J. Harper
1089,Raúl Albiol
1090,Yeremy Pino
1091,19 A. Afif
1092,Migue
1093,Pablo Iñiguez
1094,R. Guerra
1095,Lanchi
1096,N. Iosifov
1097,De La Fuente
1098,19 D. Bonera
1099,20 Carlos Blanco
1100,19 Roger Riera
1101,Sergio Asenjo
1102,Martín
1103,G. Rulli
1104,20 M. Barbosa
1105,F. Jörgensen
1106,T. Partey
1107,M. Ødegaard
1108,K. Tierney
1109,16 Mikel Arteta
1110,P. Aubameyang
1111,A. Lacazette
1112,B. Saka
1113,21 David Luiz
1114,Cédric
1115,N. Pépé
1116,A. Maitland-Niles
1117,S. Kolašinac
1118,Willian
1119,G. Xhaka
1120,M. Elneny
1121,A. Sambi Lokonga
1122,C. Chambers
1123,Gabriel Martinelli
1124,Nuno Tavares
1125,E. Smith Rowe
1126,T. Tomiyasu
1127,E. Nketiah
1128,Gabriel
1129,R. Holding
1130,J. Olayinka
1131,B. White
1132,C. Patino
1133,T. Akinola
1134,C. Cîrjan
1135,Pablo Marí
1136,18 P. Mertesacker
1137,21 B. Cottrell
1138,J. Ideho
1139,Joel López
1140,Z. Monlouis
1141,B. Leno
1142,A. Ramsdale
1143,19 P. Čech
1144,21 D. Iliev
1145,A. Okonkwo
1146,21 K. Hein
1147,L. Stindl
1148,A. Plea
1149,R. Bensebaini
1150,D. Zakaria
1151,F. Neuhaus
1152,J. Hofmann
1153,S. Lainer
1154,B. Embolo
1155,M. Thuram
1156,20 F. Johnson
1157,M. Ginter
1158,20 Raffael
1159,L. Bénes
1160,P. Herrmann
1161,H. Wolf
1162,C. Kramer
1163,21 I. Traoré
1164,K. Koné
1165,N. Elvedi
1166,T. Jantschke
1167,S. Christiansen
1168,L. Netz
1169,J. Beyer
1170,16 M. Stranzl
1171,M. Schroers
1172,K. Kurt
1173,K. Bennetts
1174,J. Scally
1175,J. Italiano
1176,Famana Quizera
1177,L. Skraback
1178,C. Noß
1179,21 J. Villalba
1180,T. Müsel
1181,M. Doucouré
1182,J. Bongard
1183,Y. Sommer
1184,T. Sippel
1185,21 M. Grün
1186,J. Olschowsky
1187,J. Ward-Prowse
1188,R. Perraud
1189,S. Armstrong
1190,M. Elyounoussi
1191,A. Armstrong
1192,C. Adams
1193,T. Walcott
1194,M. Djenepo
1195,S. Long
1196,Y. Valery
1197,I. Diallo
1198,K. Walker-Peters
1199,Oriol Romeu
1200,N. Redmond
1201,W. Smallbone
1202,J. Stephens
1203,S. McQueen
1204,T. Livramento
1205,M. Salisu
1206,C. Watts
1207,N. Tella
1208,Lyanco
1209,J. Bednarek
1210,R. Finnigan
1211,K. Chauke
1212,T. Small
1213,O. Olufunwa
1214,D. Simeu
1215,A. Tchaptchet
1216,A. McCarthy
1217,F. Forster
1218,18 S. Taylor
1219,H. Lewis
1220,G. Bonaventura
1221,L. Torreira
1222,E. Pulgar
1223,S. Amrabat
1224,C. Biraghi
1225,A. Duncan
1226,G. Castrovilli
1227,José Callejón
1228,Odriozola
1229,M. Benassi
1230,L. Martínez Quarta
1231,A. Kokorin
1232,21 Borja Valero
1233,Y. Maleh
1234,N. González
1235,R. Saponara
1236,D. Vlahović
1237,21 C. Théréau
1238,M. Nastasić
1239,20 Pedro
1240,N. Milenković
1241,R. Sottil
1242,18 D. Astori
1243,L. Venuti
1244,Tòfol Montiel
1245,A. Terzić
1246,L. Munteanu
1247,Igor
1248,M. Meli
1249,P. Pinto
1250,B. Drągowski
1251,P. Terracciano
1252,A. Rosati
1253,21 F. Brancolini
1254,J. Kucka
1255,O. Tufan
1256,O. Etebo
1257,M. Sissoko
1258,D. Rose
1259,Kiko Femenía
1260,T. Cleverley
1261,D. Gosling
1262,K. Sema
1263,J. King
1264,J. Hernández
1265,I. Louza
1266,E. Dennis
1267,I. Sarr
1268,21 C. Sánchez
1269,A. Masina
1270,Marc Navarro
1271,C. Kabasele
1272,19 Y. Kaboul
1273,21 J. Sinclair
1274,S. Perica
1275,A. Fletcher
1276,J. Ngakia
1277,C. Cathcart
1278,19 M. Britos
1279,K. Baah
1280,W. Troost-Ekong
1281,R. Cassidy
1282,18 D. Lewis
1283,F. Sierralta
1284,20 K. Hinds
1285,D. Touré
1286,M. Pochettino
1287,21 B. Spencer-Adams
1288,21 S. Dalby
1289,B. Foster
1290,20 Gomes
1291,D. Bachmann
1292,R. Elliot
1293,21 A. Parkes
1294,T. Savanier
1295,J. Sambia
1296,F. Mollet
1297,J. Ferri
1298,A. Oyongo
1299,A. Souquet
1300,V. Germain
1301,M. Ristić
1302,21 Hilton
1303,S. Mavididi
1304,N. Cozza
1305,E. Wahi
1306,L. Leroy
1307,M. Suárez
1308,Pedro Mendes
1309,19 J. Porsan-Clémenté
1310,M. Sakho
1311,S. Delaye
1312,B. Makouana
1313,N. Gioacchini
1314,Matheus Thuler
1315,T. Vargas
1316,P. Škuletić
1317,T. Tamas
1318,21 Y. Ammour
1319,Y. Guermouche
1320,M. Estève
1321,J. Omlin
1322,D. Bertaud
1323,Matis Carvalho
1324,Gerson
1325,V. Rongier
1326,M. Guendouzi
1327,J. Amavi
1328,D. Payet
1329,17 A. Diaby
1330,A. Milik
1331,B. Kamara
1332,Pol Lirola
1333,19 H. Bedimo
1334,C. Ünder
1335,P. Gueye
1336,20 G. Sertic
1337,A. Harit
1338,Luis Henrique
1339,Álvaro
1340,21 M. Aké
1341,19 T. Hubočan
1342,W. Saliba
1343,D. Ćaleta-Car
1344,C. Souaré
1345,L. Balerdi
1346,Luan Peres
1347,21 K. Mitroglou
1348,A. Dieng
1349,B. Nadir
1350,K. de la Fuente
1351,U. Bertelli
1352,F. Tongya
1353,J. Rahou
1354,O. Targhalline
1355,21 R. Richard
1356,P. Sciortino
1357,S. Ben Seghir
1358,E. Gebreyesus
1359,A. Kamardin
1360,Pau López
1361,S. Mandanda
1362,21 Y. Pelé
1363,S. Ngapandouetnbu
1364,M. Nazaretian
1365,D. Caligiuri
1366,N. Dorsch
1367,A. Hahn
1368,R. Vargas
1369,Iago
1370,J. Gouweleeuw
1371,F. Niederlechner
1372,A. Maier
1373,M. Gregoritsch
1374,F. Jensen
1375,C. Gruezo
1376,M. Pedersen
1377,A. Finnbogason
1378,T. Strobl
1379,R. Gumny
1380,F. Uduokhai
1381,R. Framberger
1382,21 J. Schieber
1383,N. Sarenren Bazee
1384,A. Zeqiri
1385,R. Oxford
1386,S. Córdova
1387,19 J. Callsen-Bracker
1388,T. Civeja
1389,F. Schwarzholz
1390,L. Günther
1391,F. Winther
1392,D. Berisha
1393,Cheon Seong Hoon
1394,R. Gikiewicz
1395,T. Koubek
1396,D. Klein
1397,B. Bourigeaud
1398,G. Laborde
1399,H. Traoré
1400,21 C. Grenier
1401,L. Majer
1402,B. Santamaria
1403,B. Meling
1404,J. Martin
1405,A. Truffert
1406,M. Terrier
1407,S. Guirassy
1408,F. Tait
1409,M. Niang
1410,J. Doku
1411,N. Aguerd
1412,K. Sulemana
1413,L. Ugochukwu
1414,J. Gélin
1415,L. Assignon
1416,L. Badé
1417,J. Kadile
1418,M. Güçlü
1419,W. Omari
1420,A. Gomis
1421,R. Salin
1422,D. Alemdar
1423,P. Bonet
1424,O. Trejo
1425,Unai López
1426,19 Elustondo
1427,R. Nteka
1428,Isi
1429,Merquelanz
1430,Kévin Rodrigues
1431,Bebé
1432,Falcao
1433,Pozo
1434,I. Balliu
1435,18 R. Raţ
1436,17 Jordi Gómez
1437,Santi Comesaña
1438,Mario Suárez
1439,Fran García
1440,21 L. Ulloa
1441,20 Tito
1442,Álvaro García
1443,Sergi Guardiola
1444,Óscar Valentín
1445,P. Ciss
1446,Andrés Martín
1447,Catena
1448,Y. Qasmi
1449,Arratia
1450,Manu Navarro
1451,N. Maraš
1452,21 E. Velázquez
1453,21 Moreno
1454,Iker Recio
1455,De Tomás
1456,Mario Hernández
1457,Sergio Moreno
1458,E. Saveljich
1459,I. Arboleda
1460,S. Dimitrievski
1461,L. Zidane
1462,P. Zieliński
1463,Fabián
1464,G. Di Lorenzo
1465,A. Zambo Anguissa
1466,F. Ghoulam
1467,L. Insigne
1468,Mário Rui
1469,H. Lozano
1470,D. Mertens
1471,M. Politano
1472,D. Demme
1473,K. Malcuit
1474,S. Lobotka
1475,V. Osimhen
1476,E. Elmas
1477,A. Ounas
1478,L. Palmiero
1479,Z. Machach
1480,A. Petagna
1481,F. Costa
1482,A. Rrahmani
1483,K. Koulibaly
1484,Juan Jesus
1485,K. Manolas
1486,G. Gaetano
1487,A. Meret
1488,D. Ospina
1489,M. Antonio
1490,T. Souček
1491,V. Coufal
1492,A. Král
1493,Pablo Fornals
1494,A. Cresswell
1495,N. Vlašić
1496,A. Masuaku
1497,M. Noble
1498,D. Rice
1499,J. Bowen
1500,18 P. Evra
1501,20 P. Zabaleta
1502,A. Yarmolenko
1503,15 Nenê
1504,R. Fredericks
1505,K. Zouma
1506,S. Benrahma
1507,M. Lanzini
1508,17 Arbeloa
1509,C. Dawson
1510,A. Ogbonna
1511,I. Diop
1512,B. Johnson
1513,21 F. Balbuena
1514,H. Ashby
1515,A. Okoflex
1516,21 A. Diallo
1517,P. Ekwah Elimby
1518,Bernardo Rosa
1519,O. Ashley
1520,21 E. Longelo
1521,Mésaque Djú
1522,D. Chesters
1523,A. Alese
1524,A. Areola
1525,J. Baptiste
1526,L. Fabiański
1527,D. Randolph
1528,D. Martin
1529,M. Arnautović
1530,R. Soriano
1531,L. De Silvestri
1532,N. Domínguez
1533,21 R. Palacio
1534,N. Sansone
1535,M. Svanberg
1536,R. Orsolini
1537,J. Schouten
1538,G. Medel
1539,K. Michael
1540,I. Mbaye
1541,A. Olsen
1542,M. Barrow
1543,21 O. Okwonkwo
1544,21 C. Falletti
1545,F. Santander
1546,A. Hickey
1547,M. Dijks
1548,E. Vignato
1549,S. van Hooijdonk
1550,A. Soumaoro
1551,D. Falcinelli
1552,A. Theate
1553,K. Bonifazi
1554,21 V. Antov
1555,L. Binks
1556,M. Pagliuca
1557,G. Cangiano
1558,K. Urbański
1559,G. Corbo
1560,L. Skorupski
1561,F. Bardi
1562,A. Claude-Maurice
1563,Y. Atal
1564,M. Lemina
1565,A. Delort
1566,21 Danilo
1567,H. Boudaoui
1568,A. Gouiri
1569,H. Kamara
1570,K. Thuram
1571,18 W. Sneijder
1572,P. Rosario
1573,M. Schneiderlin
1574,K. Dolberg
1575,J. Kluivert
1576,J. Lotomba
1577,M. Bard
1578,C. Stengs
1579,Dante
1580,J. Todibo
1581,Robson Bambu
1582,I. Sacko
1583,L. Da Cunha
1584,F. Daniliuc
1585,E. Guessand
1586,A. Sotona
1587,J. Smith
1588,W. Benítez
1589,21 Y. Cardinale
1590,T. Boulhendi
1591,M. Bułka
1592,R. Skov
1593,A. Kramarić
1594,S. Rudy
1595,18 E. Polański
1596,P. Kadeřábek
1597,M. Gaćinović
1598,F. Grillitsch
1599,J. Bruun Larsen
1600,C. Baumgartner
1601,K. Vogt
1602,D. Raum
1603,I. Bebou
1604,D. Samassékou
1605,M. Dabbur
1606,H. Nordtveit
1607,S. Adamyan
1608,A. Stiller
1609,16 K. Kurányi
1610,D. Geiger
1611,K. Akpoguma
1612,J. Brenet
1613,M. John
1614,K. Adams Nuhu
1615,E. Bičakčić
1616,C. Richards
1617,G. Rutter
1618,B. Hübner
1619,M. Bogarde
1620,S. Posch
1621,N. König
1622,O. Baumann
1623,P. Pentke
1624,20 A. Stolz
1625,N. Noll
1626,L. Philipp
1627,Cucurella
1628,Y. Bissouma
1629,E. Mwepu
1630,P. Groß
1631,A. Lallana
1632,A. Mac Allister
1633,S. March
1634,J. Moder
1635,N. Maupay
1636,L. Trossard
1637,D. Welbeck
1638,J. Veltman
1639,P. Tau
1640,J. Locadia
1641,T. Lamptey
1642,18 L. Rosenior
1643,S. Alzate
1644,L. Dunk
1645,T. Richards
1646,13 Vicente
1647,A. Webster
1648,A. Connolly
1649,D. Burn
1650,H. Roberts
1651,T. Băluță
1652,S. Duffy
1653,A. Moran
1654,U. Eneme-Ella
1655,J. Sarmiento
1656,O. Offiah
1657,A. Tsoungui
1658,J. Furlong
1659,Z. Emmerson
1660,Robert Sanchéz
1661,J. Steele
1662,K. Scherpen
1663,M. Faraoni
1664,Miguel Veloso
1665,A. Barák
1666,21 E. Badu
1667,M. Hongla
1668,D. Lazović
1669,A. Tameze
1670,21 L. Vitale
1671,21 K. Laribi
1672,I. Ilić
1673,D. Bessa
1674,K. Rüegg
1675,A. Ragusa
1676,21 A. Almici
1677,N. Kalinić
1678,G. Frabotta
1679,K. Lasagna
1680,S. Di Carmine
1681,P. Dawidowicz
1682,G. Caprari
1683,21 S. Bocchetti
1684,M. Cancellieri
1685,F. Ceccherini
1686,21 A. Danzi
1687,21 G. Pazzini
1688,N. Casale
1689,K. Günter
1690,B. Šutalo
1691,Y. Çetin
1692,G. Magnani
1693,L. Tupta
1694,16 L. Toni
1695,P. Yeboah
1696,15 F. Boni
1697,L. Montipò
1698,A. Berardi
1699,I. Pandur
1700,R. Rodríguez
1701,C. Ansaldi
1702,D. Baselli
1703,D. Praet
1704,R. Mandragora
1705,T. Rincón
1706,S. Lukić
1707,S. Zaza
1708,A. Belotti
1709,O. Aina
1710,S. Verdi
1711,K. Linetty
1712,M. Pjaca
1713,T. Pobega
1714,M. Vojvoda
1715,Iago Falqué
1716,21 N. Nkoulou
1717,A. Sanabria
1718,J. Brekalo
1719,D. Zima
1720,A. Izzo
1721,16 Amauri
1722,W. Singo
1723,Bremer
1724,S. Edera
1725,K. Djidji
1726,A. Buongiorno
1727,08 A. Recoba
1728,K. Horváth
1729,18 N. Burdisso
1730,M. Warming
1731,I. Karamoko
1732,B. Kone
1733,T. Baeten
1734,V. Millico
1735,V. Milinković-Savić
1736,21 S. Ujkani
1737,E. Berisha
1738,D. Suárez
1739,N. Maksimović
1740,J. Silva
1741,J. Jankto
1742,Vitolo
1743,A. Nyom
1744,19 M. Flamini
1745,M. Arambarri
1746,Timor
1747,20 Markel Bergara
1748,M. Olivera
1749,Aleñá
1750,E. Ünal
1751,D. Djené
1752,Sandro
1753,Mata
1754,Florentino
1755,Chema Rodríguez
1756,18 D. Díaz
1757,J. Macías
1758,E. Cabaco
1759,Jorge Cuenca
1760,Juan Iglesias
1761,S. Mitrović
1762,Algobia
1763,Darío Poveda
1764,John Patrick
1765,Alex Rodríguez
1766,A. Akurugu
1767,David Soria
1768,Rubén Yáñez
1769,Diego Conde
1770,21 Álex Dos Santos
1771,J. García
1772,Embarba
1773,Sergi Darder
1774,Aleix Vidal
1775,Y. Herrera
1776,20 Granero
1777,Fran Mérida
1778,K. Bare
1779,Puado
1780,Adrià Pedrosa
1781,Manu Morlanes
1782,Wu Lei
1783,19 Sergio García
1784,Melendo
1785,David López
1786,Dídac Vilà
1787,Calero
1788,Nico Melamed
1789,L. Dimata
1790,20 Iturraspe
1791,Óscar Gil
1792,Miguelón
1793,Loren
1794,L. Cabrera
1795,Vadillo
1796,Gori
1797,Sergi Gómez
1798,Jofre Carreras
1799,Nabil Touaizi
1800,Svensson
1801,O. El Hilali
1802,Recasens
1803,Oier
1804,Joan García
1805,Fortuño
1806,M. Cornet
1807,A. Westwood
1808,17 J. Barton
1809,J. Brownhill
1810,J. Guðmundsson
1811,M. Lowton
1812,D. McNeil
1813,C. Taylor
1814,J. Cork
1815,A. Barnes
1816,M. Vydra
1817,D. Stephens
1818,C. Wood
1819,E. Pieters
1820,J. Rodriguez
1821,J. Tarkowski
1822,A. Lennon
1823,P. Bardsley
1824,C. Roberts
1825,B. Mee
1826,A. Gomez Mancini
1827,19 P. Crouch
1828,A. Glennon
1829,K. Long
1830,21 W. Rickard
1831,J. Bedeau
1832,L. Richardson
1833,19 T. Chakwana
1834,M. Thompson
1835,19 M. Blair
1836,R. Harker
1837,B. Thomas
1838,N. Pope
1839,17 P. Robinson
1840,W. Hennessey
1841,W. Norris
1842,Raphinha
1843,K. Phillips
1844,Rodrigo
1845,S. Dallas
1846,M. Klich
1847,Junior Firpo
1848,21 Pablo Hernández
1849,D. James
1850,P. Bamford
1851,J. Harrison
1852,A. Forshaw
1853,L. Ayling
1854,T. Roberts
1855,J. Shackleton
1856,Diego Llorente
1857,21 G. Berardi
1858,21 O. Bouy
1859,R. Koch
1860,L. Bate
1861,P. Struijk
1862,L. Cooper
1863,S. Greenwood
1864,J. Gelhardt
1865,C. Summerville
1866,L. McCarron
1867,S. McGurk
1868,C. Drameh
1869,J. Jenkins
1870,L. Hjelde
1871,A. Miller
1872,C. Cresswell
1873,I. Meslier
1874,K. Klaesson
1875,21 E. Caprile
1876,D. van den Heuvel
1877,R. Tapia
1878,Iago Aspas
1879,O. Yokuşlu
1880,Denis Suárez
1881,Santi Mina
1882,A. Solari
1883,Fran Beltrán
1884,Javi Galán
1885,Nolito
1886,F. Cervi
1887,Brais Méndez
1888,Cedric Teguía
1889,J. Murillo
1890,Hugo Mallo
1891,Kevin
1892,Carbonell
1893,21 F. Ferreyra
1894,21 K. Soni
1895,20 Dani Molina
1896,J. Holsgrove
1897,N. Araújo
1898,Miguel Baeza
1899,José Fontán
1900,Iker Losada
1901,Javi Gómez
1902,Alfon
1903,J. Aidoo
1904,Carlos Beitia
1905,Thiago Galhardo
1906,Álex Martín
1907,Javi Castro
1908,Diego Pampín
1909,Lautaro
1910,Carlos Domínguez
1911,19 Robert Costa
1912,Rubén Blanco
1913,21 Sergio
1914,M. Dituro
1915,Roberto Torres
1916,E. Ávila
1917,Rubén García
1918,Cote
1919,D. Brašanac
1920,Iñigo Pérez
1921,Moncayola
1922,21 J. Calleri
1923,21 F. Roncaglia
1924,21 Adrián López
1925,Rober Ibáñez
1926,Kike García
1927,Nacho Vidal
1928,Ontiveros
1929,Lucas Torró
1930,Javi Martínez
1931,21 Otegui
1932,20 Lillo
1933,Jaume Grau
1934,18 Javi Flaño
1935,David García
1936,Kike Barja
1937,Manu Sánchez
1938,Aridane
1939,Aimar Oroz
1940,A. Budimir
1941,Ramalho
1942,Unai García
1943,Areso
1944,Diego Moreno
1945,Iker Benito
1946,Iván Bravo
1947,Barbero
1948,21 Rubén
1949,Juan Pérez
1950,21 Iván Martínez
1951,Pablo Valencia
1952,W. Cyprien
1953,L. Blas
1954,19 E. Sala
1955,21 M. Abeid
1956,S. Corchia
1957,Fábio
1958,Andrei Girotto
1959,M. Simon
1960,A. Limbombe
1961,Pedro Chirivella
1962,M. Coco
1963,17 L. Cana
1964,S. Moutoussamy
1965,D. Appiah
1966,O. Bukari
1967,N. Pallois
1968,R. Kolo Muani
1969,R. Pereira de Sa
1970,20 Y. El Ghanassy
1971,J. Castelletto
1972,C. Traoré
1973,R. Emond
1974,21 A. Dabo
1975,J. Augustin
1976,K. Coulibaly
1977,Q. Merlin
1978,W. Geubbels
1979,G. Manvelyan
1980,Santiago Eneme
1981,M. Wagué
1982,21 A. Walongwa
1983,A. Sylla
1984,Y. M'Bemba
1985,A. Lafont
1986,D. Petrić
1987,L. Bonelli
1988,R. Descamps
1989,Luis Milla
1990,Escudero
1991,Rochina
1992,D. Machís
1993,S. Arias
1994,Puertas
1995,Montoro
1996,21 Álex Martínez
1997,M. Gonalons
1998,Víctor Díaz
1999,Monchu
2000,R. Azeez
2001,Quini
2002,Carlos Neva
2003,Y. Eteki
2004,C. Bacca
2005,Alberto Soro
2006,19 Baena
2007,Jorge Molina
2008,L. Abram
2009,Pepe Sánchez
2010,21 Aranda
2011,Isma Ruiz
2012,Domingos Duarte
2013,Germán
2014,21 Nuha
2015,21 E. Abedini
2016,N. Lozano
2017,Echu
2018,Sergio Barcia
2019,Torrente
2020,Aarón
2021,Luís Maximiano
2022,João Costa
2023,Ángel Jiménez
2024,J. Obi
2025,L. Coulibaly
2026,F. Ribéry
2027,M. Coulibaly
2028,20 A. Cerci
2029,L. Capezzi
2030,R. Gagliolo
2031,F. Di Tacchio
2032,20 E. Calaiò
2033,M. Ruggeri
2034,F. Veseli
2035,P. Jaroszyński
2036,S. Strandberg
2037,R. Aya
2038,Simy
2039,F. Bonazzoli
2040,20 T. Heurtaux
2041,G. Kastanos
2042,M. Đurić
2043,W. Kechrida
2044,L. Ranieri
2045,E. Vergani
2046,N. Gyömbér
2047,L. Bogdan
2048,C. Gondo
2049,F. Delli Carri
2050,V. Belec
2051,V. Fiorillo
2052,Fransérgio
2053,Y. Adli
2054,21 H. Ben Arfa
2055,Hwang Ui Jo
2056,Otávio
2057,L. Benito
2058,J. Briand
2059,G. Mensah
2060,R. Oudin
2061,A. Elis
2062,16 Jussiê
2063,19 M. Gajić
2064,M. Zerkane
2065,S. Kalu
2066,18 J. Toulalan
2067,J. Onana
2068,19 J. Plašil
2069,L. Koscielny
2070,I. Sissokho
2071,21 M. Poundjé
2072,T. Lacoux
2073,T. Pembélé
2074,P. Baysse
2075,E. Kwateng
2076,J. Dilrosun
2077,J. Maja
2078,Mexer
2079,21 V. Jovanović
2080,Ricardo Mangas
2081,S. Gregersen
2082,S. Mara
2083,A. Traoré
2084,D. Bakwa
2085,M. Bokele
2086,A. Medioub
2087,21 David Cardoso
2088,B. Costil
2089,D. Rouyard
2090,G. Poussin
2091,T. Malbec
2092,P. Capelle
2093,A. Fulgini
2094,T. Mangani
2095,A. Bobichon
2096,19 C. N'Doye
2097,M. Pereira Lage
2098,V. Manceau
2099,C. Ninga
2100,S. Doumbia
2101,21 T. Touré
2102,S. Thioub
2103,S. Boufal
2104,21 L. Diony
2105,S. Bahoken
2106,J. Cabot
2107,I. Traoré
2108,A. Ounahi
2109,Z. Ould Khaled
2110,N. Fatar
2111,B. Brahimi
2112,E. Ebosse
2113,W. Taïbi
2114,R. Thomas
2115,F. El Melali
2116,21 Y. Fortuné
2117,M. Cho
2118,21 P. Diaw
2119,N. Nadje
2120,K. Boma
2121,21 K. Mouanga
2122,P. Bernardoni
2123,21 L. Butelle
2124,A. Mandrea
2125,A. Candreva
2126,V. Verre
2127,Adrien Silva
2128,M. Thorsby
2129,A. Ekdal
2130,M. Damsgaard
2131,17 A. Palombo
2132,21 Dodô
2133,21 G. Ramírez
2134,B. Bereszyński
2135,F. Quagliarella
2136,Ronaldo Vieira
2137,F. Caputo
2138,M. Ihattaren
2139,F. Depaoli
2140,M. Gabbiadini
2141,T. Augello
2142,A. La Gumina
2143,N. Murru
2144,M. Léris
2145,E. Torregrossa
2146,M. Yoshida
2147,17 A. Cassano
2148,A. Ferrari
2149,K. Askildsen
2150,21 V. Regini
2151,O. Colley
2152,R. Drăgușin
2153,R. Ciervo
2154,Kaique Rocha
2155,J. Chabot
2156,E. Audero
2157,N. Ravaglia
2158,M. Ritchie
2159,19 M. Diamé
2160,J. Hendrick
2161,F. Schär
2162,M. Almirón
2163,J. Shelvey
2164,J. Willock
2165,C. Wilson
2166,17 C. Tioté
2167,R. Fraser
2168,J. Murphy
2169,E. Krafth
2170,21 H. Saivet
2171,O. Boumal
2172,I. Hayden
2173,S. Longstaff
2174,A. Saint-Maximin
2175,Joelinton
2176,J. Lewis
2177,Manquillo
2178,P. Dummett
2179,D. Gayle
2180,21 A. Carroll
2181,C. Clark
2182,A. Thurgate
2183,B. Kantarovski
2184,21 R. O'Donovan
2185,S. Muñoz
2186,21 M. Neill
2187,J. Lascelles
2188,M. Sangare
2189,F. Fernández
2190,21 J. White
2191,J. Young
2192,11 S. Campbell
2193,E. Anderson
2194,D. Ingham
2195,V. Yuel
2196,L. Mauragis
2197,Daniel Penha
2198,21 K. Scott
2199,R. Savage
2200,K. Petratos
2201,B. Mikeltadze
2202,19 N. Cowburn
2203,M. Bondswell
2204,C. Wiggett
2205,S. Silvera
2206,21 Y. Touré
2207,B. Archbold
2208,M. Dúbravka
2209,21 N. Boogaard
2210,K. Darlow
2211,M. Gillespie
2212,F. Woodman
2213,D. Langley
2214,N. James
2215,A. Thomasson
2216,D. Liénard
2217,K. Gameiro
2218,J. Bellegarde
2219,F. Guilbert
2220,J. Aholou
2221,A. Caci
2222,A. Djiku
2223,S. Prcić
2224,20 B. Corgnet
2225,M. Waris
2226,I. Sissoko
2227,L. Ajorque
2228,H. Diallo
2229,M. Le Marchand
2230,L. Mothiba
2231,K. Fila
2232,20 J. Grimm
2233,M. Sahi
2234,21 L. Koné
2235,M. Siby
2236,L. Perrin
2237,G. Nyamsi
2238,H. Diarra
2239,M. Elimbi
2240,M. Sels
2241,E. Kawashima
2242,P. Lees-Melou
2243,M. Normann
2244,M. Rashica
2245,K. McLean
2246,L. Rupp
2247,B. Williams
2248,S. Byram
2249,C. Tzolis
2250,D. Giannoulis
2251,B. Gilmour
2252,J. Sørensen
2253,21 J. Drmić
2254,J. Sargent
2255,T. Pukki
2256,T. Cantwell
2257,M. Aarons
2258,K. Dowell
2259,P. Płacheta
2260,O. Kabak
2261,B. Mumba
2262,G. Hanley
2263,B. Gibson
2264,A. Idah
2265,L. Gibbs
2266,A. Omobamidele
2267,T. Klose
2268,C. Zimmermann
2269,T. Dickson-Peters
2270,F. Clarke
2271,R. Bushiri
2272,T. Krul
2273,A. Gunn
2274,21 A. Oxborough
2275,M. McGovern
2276,A. Mair
2277,J. McCracken
2278,R. Faivre
2279,21 P. Lasne
2280,J. Uronen
2281,R. Del Castillo
2282,J. Faussurier
2283,F. Honorat
2284,H. Belkebla
2285,S. Mounié
2286,R. Pierre-Gabriel
2287,21 L. Baal
2288,19 T. Ayasse
2289,21 F. N'Goma
2290,I. Cardona
2291,C. Hérelle
2292,H. Mbock
2293,H. Magnetti
2294,L. Agoumé
2295,B. Chardonnet
2296,20 D. Kiki
2297,J. Duverne
2298,16 M. Platje
2299,J. Le Douaron
2300,16 G. Lorenzi
2301,Y. Badji
2302,D. Bain
2303,R. Saïd
2304,G. Larsonneur
2305,M. Bizot
2306,07 P. Sarr
2307,21 M. Hassen
2308,S. Cibois
2309,J. Clauss
2310,G. Kakuta
2311,F. Sotoca
2312,C. Doucouré
2313,M. Haïdara
2314,D. Machado
2315,P. Frankowski
2316,C. Jean
2317,I. Ganago
2318,19 A. Bencharki
2319,Y. Cahuzac
2320,F. Medina
2321,J. Gradit
2322,W. Saïd
2323,A. Kalimuendo
2324,J. Keita
2325,I. Boura
2326,C. Boli
2327,K. Danso
2328,20 M. Madri
2329,C. Wooh
2330,A. Oudjani
2331,David Costa
2332,21 Z. Diallo
2333,18 M. Fofana
2334,21 A. Louveau
2335,W. Faríñez
2336,J. Leca
2337,V. Lesieur
2338,Y. Pandor
2339,V. Berisha
2340,T. Foket
2341,Moreto Cassamá
2342,M. Cafaro
2343,G. Konan
2344,A. Zeneli
2345,M. Doumbia
2346,A. Matusiwa
2347,M. Munetsi
2348,D. Lopy
2349,N. Mbuku
2350,M. van Bergen
2351,A. Donis
2352,F. Doucouré
2353,Y. Abdelhamid
2354,I. Kebbal
2355,A. Flips
2356,E. Touré
2357,A. Gravillon
2358,W. Faes
2359,S. Sissoko
2360,F. Hornby
2361,H. Ekitike
2362,B. Locko
2363,21 T. Nkada
2364,N. Koffi
2365,M. Mbow
2366,N. Penneteau
2367,Y. Diouf
2368,P. Rajković
2369,M. Lopez
2370,D. Berardi
2371,A. Harroui
2372,K. Ayhan
2373,Matheus Henrique
2374,Pedro Obiang
2375,D. Frattesi
2376,J. Boga
2377,H. Traorè
2378,F. Đuričić
2379,G. Defrel
2380,F. Magnanelli
2381,Rogério
2382,L. Haraslín
2383,C. Adjapong
2384,V. Chiricheș
2385,M. Müldür
2386,J. Toljan
2387,G. Raspadori
2388,F. Ricci
2389,G. Scamacca
2390,G. Kyriakopoulos
2391,F. Peluso
2392,20 A. Matri
2393,F. Romagna
2394,G. Ferrari
2395,E. Goldaniga
2396,A. Consigli
2397,G. Pegolo
2398,S. Turati
2399,L. Milivojević
2400,J. Schlupp
2401,J. McArthur
2402,J. Ayew
2403,W. Zaha
2404,W. Hughes
2405,O. Edouard
2406,C. Kouyaté
2407,N. Clyne
2408,E. Eze
2409,J. Riedewald
2410,C. Gallagher
2411,M. Olise
2412,19 B. Sako
2413,J. Ward
2414,C. Benteke
2415,J. Andersen
2416,J. Mateta
2417,T. Mitchell
2418,M. Kelly
2419,21 D. Boateng
2420,M. Guéhi
2421,J. Jach
2422,N. Ferguson
2423,J. Montes
2424,S. Banks
2425,J. Rak-Sakyi
2426,J. Tomkins
2427,21 L. Dreher
2428,N. Kirby
2429,21 B. Aveiro
2430,16 B. Hangeland
2431,R. Street
2432,R. Hannam
2433,Guaita
2434,J. Butland
2435,R. Matthews
2436,18 Diego Cavalieri
2437,19 D. Henry
2438,Álex Fernández
2439,21 A. Fernández
2440,Iza Carcelén
2441,A. Espino
2442,F. Andone
2443,José Mari
2444,Negredo
2445,J. Jønsson
2446,Iván Alejo
2447,Salvi Sánchez
2448,Akapo
2449,Fali
2450,Alberto Perea
2451,Juan Cala
2452,Rubén Sobrino
2453,T. Alarcón
2454,A. Lozano
2455,Álvaro Jiménez
2456,F. Malbašić
2457,M. Osmajić
2458,S. Arzamendia
2459,Martín Calderón
2460,21 Jurado
2461,21 L. Quezada
2462,Garrido
2463,Marcos Mauro
2464,21 D. Jovanović
2465,18 Moha
2466,Chapela
2467,17 Dani Güiza
2468,21 Javi Navarro
2469,D. Gudelj
2470,Bastida
2471,V. Haroyan
2472,L. Spatz
2473,18 K. Sankaré
2474,S. Erimuya
2475,Víctor Chust
2476,10 Tristán
2477,J. Ledesma
2478,David Gil
2479,J. Flere
2480,Dani Rodríguez
2481,Jaume Costa
2482,15 Albert Riera
2483,R. Battaglia
2484,Salva Sevilla
2485,A. Ndiaye
2486,Aleix Febas
2487,Antonio Sánchez
2488,Ruiz de Galarreta
2489,Pablo Maffeo
2490,Kangin Lee
2491,Brian Oliván
2492,Ángel
2493,T. Kubo
2494,L. Júnior
2495,Abdón Prats
2496,I. Baba
2497,M. Valjent
2498,20 Marc Pedraza
2499,Fer Niño
2500,Jordi Mboula
2501,Raillo
2502,Joan Sastre
2503,A. Sedlar
2504,Llabrés
2505,F. Russo
2506,V. De Baunbag
2507,I. Diabate
2508,Pep Gayà
2509,21 Buenacasa
2510,Pablo Gálvez
2511,Manolo Reina
2512,Pere Joan
2513,Leo Román
2514,D. Greif
2515,E. Skhiri
2516,J. Hector
2517,O. Duda
2518,M. Uth
2519,S. Özcan
2520,D. Ljubicic
2521,F. Kainz
2522,19 M. Lehmann
2523,K. Ehizibue
2524,L. Schaub
2525,J. Thielmann
2526,A. Modeste
2527,B. Schmitz
2528,K. Schindler
2529,N. Hauptmann
2530,R. Czichos
2531,J. Horn
2532,S. Andersson
2533,T. Hübers
2534,N. Katterbach
2535,Jorge Meré
2536,T. Ostrák
2537,21 F. Sørensen
2538,M. Sponsel
2539,L. Kilian
2540,J. Castrop
2541,T. Lemperle
2542,M. Obuz
2543,João Queirós
2544,S. Čestić
2545,M. Schwäbe
2546,T. Horn
2547,20 T. Kessler
2548,M. Köbbing
2549,J. Urbig
2550,21 G. Castro
2551,W. Endo
2552,O. Mangala
2553,D. Didavi
2554,Silas
2555,B. Sosa
2556,C. Führich
2557,P. Förster
2558,P. Klement
2559,P. Stenzel
2560,E. Thommy
2561,S. Kalajdžić
2562,N. Nartey
2563,M. Kempf
2564,W. Anton
2565,O. Marmoush
2566,E. Millot
2567,T. Coulibaly
2568,20 M. Gómez
2569,R. Massimo
2570,N. Ahamada
2571,M. Klimowicz
2572,C. Mola
2573,H. Ito
2574,O. Beyaz
2575,K. Mavropanos
2576,A. Karazor
2577,H. Al Ghaddioui
2578,J. Meyer
2579,W. Faghir
2580,L. Egloff
2581,M. Cissé
2582,A. Kuol
2583,F. Müller
2584,F. Bredlow
2585,M. Kruse
2586,C. Trimmel
2587,K. Möhwald
2588,L. Öztunalı
2589,B. Oczipka
2590,G. Prömel
2591,A. Voglsammer
2592,N. Gießelmann
2593,G. Haraguchi
2594,P. Wszołek
2595,T. Puchacz
2596,19 F. Schönheim
2597,S. Becker
2598,T. Awoniyi
2599,K. Endo
2600,C. Teuchert
2601,R. Khedira
2602,M. Friedrich
2603,A. Ujah
2604,K. Behrens
2605,S. Abdullahi
2606,F. Schneider
2607,R. Knoche
2608,P. Jaeckel
2609,R. van Drongelen
2610,T. Baumgartl
2611,L. Dehl
2612,M. Bruns
2613,A. Luthe
2614,F. Rønnow
2615,J. Busk
2616,J. Dudziak
2617,J. Willems
2618,P. Seguin
2619,19 R. Hilbert
2620,H. Nielsen
2621,N. Viergever
2622,20 M. Caligiuri
2623,A. Fein
2624,J. Green
2625,16 Z. Lam
2626,M. Christiansen
2627,B. Hrgota
2628,N. Seufert
2629,S. Griesbeck
2630,L. Itter
2631,C. Itten
2632,19 L. Ayçiçek
2633,M. Meyerhöfer
2634,J. Leweling
2635,G. Jung
2636,J. Ngankam
2637,H. Sarpei
2638,T. Tillman
2639,20 S. Parker
2640,J. Hoogma
2641,E. Berggreen
2642,D. Abiama
2643,R. Kehr
2644,S. Asta
2645,M. Bauer
2646,M. Torlak
2647,A. Barry
2648,E. Kratzer
2649,S. Burchert
2650,M. Funk
2651,L. Schaffran
2652,V. Kovalenko
2653,J. Sala
2654,K. Amian
2655,21 M. Ricci
2656,D. Verde
2657,A. Reca
2658,S. Bastoni
2659,G. Maggiore
2660,M. Bourabia
2661,K. Agudelo
2662,L. Vignali
2663,M. Nzola
2664,19 P. Granoche
2665,E. Salcedo
2666,Léo Sena
2667,18 A. Gilardino
2668,R. Manaj
2669,Salva Ferrer
2670,A. Sher
2671,21 G. Mastinu
2672,E. Gyasi
2673,J. Antiste
2674,21 A. Galabinov
2675,D. Strelec
2676,E. Colley
2677,M. Erlić
2678,D. Nikolaou
2679,E. Capradossi
2680,P. Hristov
2681,J. Zoet
2682,I. Provedel
2683,20 D. Bassi
2684,21 Rafael
2685,T. Krapikas
2686,P. Zovko
2687,19 M. Pasqual
2688,S. Żurkowski
2689,L. Štulac
2690,F. Bandinelli
2691,N. Haas
2692,19 M. Brighi
2693,F. Di Francesco
2694,P. Stojanović
2695,21 L. Antonelli
2696,N. Bajrami
2697,L. Henderson
2698,S. Moreo
2699,R. Fiamozzi
2700,L. Mancuso
2701,S. Ricci
2702,20 A. Picchi
2703,S. Luperto
2704,P. Cutrone
2705,G. Crociata
2706,F. Parisi
2707,19 L. Mchedlidze
2708,K. Asllani
2709,A. Ismajli
2710,A. Pinamonti
2711,L. Tonelli
2712,R. Marchizza
2713,R. Pirrello
2714,S. Romagnoli
2715,K. Cannavò
2716,20 A. Jakupović
2717,M. Viti
2718,21 D. Maietta
2719,G. Vicario
2720,R. Haps
2721,20 L. Lollo
2722,L. Fiordilino
2723,J. Dezi
2724,G. Busio
2725,M. Aramu
2726,20 F. Zuculini
2727,P. Mazzocchi
2728,S. Kiyine
2729,D. Heymans
2730,C. Molinaro
2731,T. Henry
2732,G. Felicioli
2733,A. Sigurðsson
2734,D. Schnegg
2735,A. Vacca
2736,T. Ebuehi
2737,F. Forte
2738,D. Peretz
2739,D. Johnsen
2740,D. Črnigoj
2741,D. Okereke
2742,R. Bocalon
2743,T. Tessmann
2744,M. Modolo
2745,G. Zigoni
2746,19 M. Domizzi
2747,M. Caldara
2748,E. Ampadu
2749,P. Ceccaroni
2750,M. Svoboda
2751,D. Pecile
2752,B. Bjarkason
2753,J. de Vries
2754,L. Lezzerini
2755,N. Mäenpää
2756,S. Widmer
2757,D. Brosinski
2758,J. St. Juste
2759,J. Boëtius
2760,D. Kohr
2761,K. Onisiwo
2762,L. Barreiro Martins
2763,Lee Jae Sung
2764,18 N. de Jong
2765,K. Stöger
2766,M. Ingvartsen
2767,J. Burkardt
2768,A. Lucoqui
2769,M. Niakhaté
2770,A. Stach
2771,S. Fürstner
2772,A. Szalai
2773,M. Papela
2774,A. Hack
2775,T. Rupil
2776,N. Tauer
2777,P. Nebel
2778,S. Bell
2779,K. Mizuta
2780,B. Bobzien
2781,D. Nemeth
2782,R. Zentner
2783,F. Dahmen
2784,19 R. Adler
2785,M. Liesegang
2786,O. Hanin
2787,L. Rieß
2788,F. Onyeka
2789,I. Toney
2790,M. Jensen
2791,J. Dasilva
2792,C. Nørgaard
2793,B. Mbeumo
2794,Sergi Canós
2795,V. Janelt
2796,S. Ghoddos
2797,R. Henry
2798,Y. Wissa
2799,K. Ajer
2800,S. Baptiste
2801,M. Bidstrup
2802,T. Fosu
2803,J. Valencia
2804,E. Pinnock
2805,M. Peart-Harris
2806,M. Roerslev
2807,M. Forss
2808,P. Jansson
2809,Zanka
2810,J. Jeanvier
2811,D. Thompson
2812,M. Sørensen
2813,F. Stevens
2814,C. Goode
2815,J. Žambůrek
2816,L. Gordon
2817,M. Haygarth
2818,16 R. Calvet
2819,L. Racic
2820,David Raya
2821,J. Berthomier
2822,J. Gastien
2823,V. Nsimba
2824,S. Khaoui
2825,17 E. Réale
2826,A. Zedadka
2827,J. Iglesias
2828,E. Rashani
2829,J. Dossou
2830,J. Allevinah
2831,Y. Magnin
2832,M. Bayo
2833,A. Mendy
2834,P. Hamel
2835,Oriol Busquets
2836,17 B. Martin
2837,J. Tell
2838,N. Jaby
2839,B. Baiye
2840,S. Abdul Samed
2841,J. Phojo
2842,F. Ogier
2843,C. Hountondji
2844,A. Seidu
2845,J. Albert
2846,A. Desmas
2847,L. Margueron
2848,R. Tesche
2849,K. Stafylidis
2850,C. Gamboa
2851,E. Löwen
2852,21 R. Žulj
2853,E. Rexhbeçaj
2854,A. Losilla
2855,S. Zoller
2856,H. Bockhorn
2857,Y. Chibsah
2858,G. Holtmann
2859,D. Blum
2860,T. Asano
2861,20 S. Celozzi
2862,21 T. Eisfeld
2863,M. Leitsch
2864,M. Pantović
2865,S. Polter
2866,T. Weilandt
2867,C. Antwi-Adjei
2868,V. Lampropoulos
2869,S. Ganvoula
2870,T. Bonga
2871,P. Osterhage
2872,S. Decarli
2873,A. Bella Kotchap
2874,S. Novothny
2875,L. Hartwig
2876,M. Riemann
2877,E. Mašović
2878,M. Esser
2879,T. Ernst
2880,F. Centonze
2881,20 R. Cohade
2882,T. Delaine
2883,D. Bronn
2884,N. De Préville
2885,H. Maïga
2886,V. Pajot
2887,A. Bassi
2888,O. Nguette
2889,21 V. Angban
2890,S. Alakouch
2891,15 F. Malouda
2892,K. N'Doram
2893,F. Boulaya
2894,M. Udol
2895,W. Tchimbembé
2896,16 E. Mayuka
2897,18 M. Biševac
2898,L. Gueye
2899,P. Yade
2900,I. Niane
2901,B. Kouyaté
2902,B. Traoré
2903,21 E. Boahene
2904,M. Cabit
2905,C. Sabaly
2906,S. Niakaté
2907,21 M. Robin
2908,21 A. Traoré
2909,L. Joseph
2910,W. Mikelbrencis
2911,L. Lacroix
2912,A. Oukidja
2913,M. Caillard
2914,O. Ba
2915,18 A. Mvuemba
2916,T. Monconduit
2917,F. Lemoine
2918,L. Abergel
2919,V. Le Goff
2920,Igor Silva
2921,Q. Boisgard
2922,21 S. Marveaux
2923,A. Laurienté
2924,21 J. Delaplace
2925,E. Le Fée
2926,13 L. Giuly
2927,J. Morel
2928,21 Y. Etienne
2929,A. Grbic
2930,S. Diarra
2931,H. Mendes
2932,T. Moffi
2933,21 M. Saunier
2934,R. Bourlès
2935,J. Laporte
2936,T. Fontaine
2937,20 T. Renaud
2938,M. Jenz
2939,L. Mouyokolo
2940,S. Loric
2941,P. Nardi
2942,T. Bartouche-Selbonne
2943,S. Vasiliadis
2944,E. Fernandes
2945,C. Brunner
2946,L. Czyborra
2947,M. Prietl
2948,F. Klos
2949,A. Andrade
2950,M. Okugawa
2951,J. Laursen
2952,21 J. Edmundsson
2953,P. Wimmer
2954,R. Hack
2955,F. Krüger
2956,20 N. Quaschner
2957,A. Pieper
2958,J. Serra
2959,F. Kunze
2960,N. De Medina
2961,J. Nilsson
2962,B. Lasme
2963,J. Frommann
2964,V. Cherny
2965,Guilherme Ramos
2966,S. Ortega
2967,S. Kapino
2968,21 O. Linnér
2969,P. Kammerbauer
2970,Y. Engelhardt
2971,J. Tauriainen
2972,V. Vermeij
2973,R. Assibey-Mensah
2974,E. Kehrer
2975,G. Furrer
2976,D. Ontužāns
2977,R. Wagner
2978,J. Engel
2979,L. Kehl
2980,K. Schmidt
2981,M. Dietz
2982,J. Makengo
2983,S. Ilic
2984,M. Rosenfelder
2985,N. Sauter
